ticker,name,sector,updated,actual_period,est_period,q_period,q_est_period,per,pbr,eps,bps,roe,op_margin,net_margin,dividend_yield,payout_ratio,debt_ratio,revenue,operating_profit,net_profit,per_est,pbr_est,eps_est,bps_est,roe_est,op_margin_est,net_margin_est,dividend_yield_est,payout_ratio_est,debt_ratio_est,revenue_est,operating_profit_est,net_profit_est,per_q,pbr_q,eps_q,bps_q,roe_q,op_margin_q,net_margin_q,dividend_yield_q,payout_ratio_q,debt_ratio_q,revenue_q,operating_profit_q,net_profit_q,per_q_est,pbr_q_est,eps_q_est,bps_q_est,roe_q_est,op_margin_q_est,net_margin_q_est,dividend_yield_q_est,payout_ratio_q_est,debt_ratio_q_est,revenue_q_est,operating_profit_q_est,net_profit_q_est
005930,삼성전자,반도체_메모리,2026-04-24 18:01,2025.12,2026.12,2025.12,2026.03,18.27,1.87,6564.0,63997.0,10.85,13.07,13.55,1.39,25.1,29.94,3336059.0,436010.0,452068.0,6.11,2.26,36745.0,99252.0,45.55,48.93,39.34,,,,6250520.0,3058504.0,2459287.0,18.27,1.87,2864.0,63997.0,10.85,21.39,20.93,0.47,19.46,29.94,938374.0,200737.0,196417.0,35.15,,5298.0,,,32.54,26.83,,,,1171336.0,381166.0,314258.0
000660,SK하이닉스,반도체_메모리,2026-04-24 18:01,2025.12,2026.12,2025.12,2026.03,11.04,3.73,58955.0,174538.0,44.15,48.59,44.21,0.46,4.88,45.95,971467.0,472063.0,429479.0,5.16,2.96,237486.0,413817.0,83.48,73.26,58.48,,,,2888649.0,2116224.0,1689292.0,11.04,3.73,20906.0,174538.0,44.15,58.4,46.44,0.29,8.66,45.95,328267.0,191696.0,152460.0,27.49,,41031.0,,,69.6,50.67,,,,501046.0,348753.0,253866.0
042700,한미반도체,반도체_메모리,2026-04-24 18:01,2025.12,2026.12,2025.12,2026.03,57.05,17.51,2233.0,7278.0,34.76,43.59,37.11,0.63,35.46,17.82,5767.0,2514.0,2140.0,69.41,25.01,4228.0,11734.0,44.7,49.27,48.79,,,,8260.0,4070.0,4030.0,57.05,17.51,303.0,7278.0,34.76,33.28,34.76,0.63,262.95,17.82,830.0,276.0,289.0,,,,,,,,,,,,,
240810,원익IPS,반도체_장비,2026-04-24 18:01,2025.12,2026.12,2025.12,2026.03,39.66,3.41,1712.0,19936.0,9.05,8.11,9.24,0.29,11.58,20.06,9098.0,738.0,840.0,36.21,4.96,3126.0,22818.0,14.75,13.6,11.82,,,,12984.0,1766.0,1535.0,39.66,3.41,668.0,19936.0,9.05,6.26,11.93,0.29,29.66,20.06,2750.0,172.0,328.0,1811.84,,62.0,,,1.79,7.18,,,,1756.0,32.0,126.0
036930,주성엔지니어링,반도체_장비,2026-04-24 18:01,2025.12,2026.12,2025.12,2026.03,36.68,2.14,755.0,12922.0,6.17,10.06,11.49,0.19,6.78,50.37,3107.0,313.0,357.0,68.49,8.04,1697.0,14458.0,12.64,20.18,20.57,,,,3844.0,776.0,791.0,36.68,2.14,-99.0,12922.0,6.17,-24.07,-8.98,0.19,-51.57,50.37,523.0,-126.0,-47.0,1399.23,,83.0,,,3.74,3.27,,,,561.0,21.0,18.0
319660,피에스케이,반도체_장비,2026-04-24 18:01,2025.12,2026.12,2025.12,2026.03,13.61,1.98,2712.0,18606.0,15.54,19.36,17.18,1.84,14.64,19.84,4572.0,885.0,785.0,22.6,3.95,3854.0,22058.0,18.96,22.35,19.27,,,,5794.0,1295.0,1117.0,13.61,1.98,668.0,18606.0,15.54,15.35,13.57,1.84,75.33,19.84,1427.0,219.0,194.0,88.6,,983.0,,,24.64,21.96,,,,1307.0,322.0,287.0
005290,동진쎄미켐,반도체_소재,2026-04-24 18:01,2025.12,2026.12,2025.12,2026.03,19.02,1.74,1927.0,21080.0,9.52,14.44,7.88,1.77,33.71,82.11,11941.0,1724.0,941.0,,,,,,,,,,,,,,19.02,1.74,605.0,21080.0,9.52,13.46,9.48,1.77,107.4,82.11,3092.0,416.0,293.0,,,,,,,,,,,,,
357780,솔브레인,반도체_소재,2026-04-24 18:01,2025.12,2026.12,2025.12,2026.03,25.78,1.9,10164.0,137853.0,7.66,14.47,9.1,0.9,22.77,30.15,9234.0,1336.0,840.0,22.32,2.91,20608.0,157991.0,14.15,18.88,15.28,,,,10741.0,2028.0,1641.0,25.78,1.9,1375.0,137853.0,7.66,17.64,4.36,0.9,168.33,30.15,2440.0,430.0,106.0,96.38,,4773.0,,,17.95,14.27,,,,2522.0,453.0,360.0
104830,원익머트리얼즈,반도체_소재,2026-04-24 18:01,2025.12,2026.12,2025.12,2026.03,8.0,0.74,3863.0,41679.0,9.68,17.52,15.1,1.62,12.94,21.37,3225.0,565.0,487.0,11.36,1.15,4656.0,45832.0,10.64,18.79,15.58,,,,3768.0,708.0,587.0,8.0,0.74,1117.0,41679.0,9.68,18.78,16.25,1.62,44.76,21.37,866.0,163.0,141.0,52.11,,1015.0,,,17.55,14.53,,,,878.0,154.0,128.0
067310,하나마이크론,반도체_후공정,2026-04-24 18:01,2025.12,2026.12,2025.12,2026.03,44.79,4.29,575.0,6007.0,9.89,8.32,4.27,0.27,12.19,209.16,15344.0,1277.0,656.0,22.84,4.83,1664.0,7864.0,24.0,12.2,7.34,,,,20619.0,2516.0,1513.0,44.79,4.29,342.0,6007.0,9.89,10.52,8.03,0.27,20.5,209.16,4501.0,473.0,361.0,161.79,,235.0,,,11.35,,,,,4894.0,556.0,
036540,SFA반도체,반도체_후공정,2026-04-24 18:01,2025.12,2026.12,2025.12,2026.03,-39.5,1.59,-116.0,2884.0,-3.93,-5.34,-5.21,,,16.21,3674.0,-196.0,-191.0,41.72,2.55,189.0,3092.0,6.35,6.44,5.86,,,,5218.0,336.0,306.0,-39.5,1.59,-7.0,2884.0,-3.93,-0.49,-0.96,,,16.21,1196.0,-6.0,-12.0,259.52,,30.0,,,4.7,6.19,,,,1180.0,56.0,73.0
033640,네패스,반도체_후공정,2026-04-24 18:01,2025.12,2026.12,2025.12,2026.03,21.69,2.91,719.0,5360.0,14.19,4.56,3.87,,,183.67,5214.0,238.0,202.0,,,,,,7.09,,,,,5722.0,406.0,,16.57,2.91,-105.0,5360.0,18.57,1.09,-0.45,,,183.67,1237.0,14.0,-6.0,,,,,,,,,,,,,
373220,LG에너지솔루션,2차전지_셀,2026-04-24 18:01,2025.12,2026.12,2025.12,2026.03,-80.38,4.27,-4585.0,86391.0,-5.19,5.69,0.34,,,129.0,236718.0,13461.0,808.0,-1121.5,5.51,-416.0,84696.0,-0.49,4.41,2.03,,,,278490.0,12276.0,5659.0,-80.38,4.27,-3747.0,86391.0,-5.19,-1.99,-12.58,,,129.0,61415.0,-1220.0,-7725.0,-443.41,,-899.0,,,-2.06,-5.69,,,,58399.0,-1205.0,-3323.0
006400,삼성SDI,2차전지_셀,2026-04-24 18:01,2025.12,2026.12,2025.12,2026.03,-32.37,0.99,-8325.0,272486.0,-3.15,-12.98,-4.41,0.4,11.17,79.27,132667.0,-17224.0,-5849.0,408.78,2.29,1541.0,275214.0,0.59,-2.53,0.56,,,,151054.0,-3828.0,851.0,-32.37,0.99,-3945.0,272486.0,-3.15,-7.75,-5.39,0.4,-29.55,79.27,38587.0,-2992.0,-2078.0,-306.1,,-2058.0,,,-7.42,-4.81,,,,34712.0,-2576.0,-1671.0
096770,SK이노베이션,2차전지_셀,2026-04-24 18:01,2025.12,2026.12,2025.12,2026.03,-4.81,0.78,-21056.0,129847.0,-14.42,0.56,-6.77,1.79,-13.17,190.2,802961.0,4487.0,-54364.0,78.49,0.92,1697.0,144733.0,1.25,2.87,0.49,,,,819949.0,23563.0,4022.0,-4.81,0.78,-13146.0,129847.0,-14.42,1.75,-21.67,1.79,-29.82,190.2,193097.0,3374.0,-41844.0,38.26,,3481.0,,,4.8,2.39,,,,212450.0,10199.0,5070.0
247540,에코프로비엠,2차전지_양극재,2026-04-24 18:01,2025.12,2026.12,2025.12,2026.03,364.17,8.29,403.0,17677.0,2.29,5.66,3.62,0.07,24.85,142.16,25316.0,1433.0,916.0,680.94,11.71,302.0,17548.0,1.71,3.3,1.42,,,,29687.0,980.0,421.0,364.17,8.29,193.0,17677.0,2.29,8.36,3.67,0.07,51.71,142.16,4970.0,416.0,182.0,-4729.89,,-43.0,,,1.76,-0.42,,,,5556.0,98.0,-23.0
003670,포스코퓨처엠,2차전지_양극재,2026-04-24 18:01,2025.12,2026.12,2025.12,2026.03,485.02,4.09,386.0,45731.0,0.92,1.12,1.24,0.13,68.92,102.65,29387.0,328.0,365.0,785.98,5.58,313.0,44082.0,0.7,2.56,1.09,,,,31114.0,798.0,339.0,485.02,4.09,-264.0,45731.0,0.92,-9.28,-4.18,0.13,-94.61,102.65,5576.0,-518.0,-233.0,2453.92,,100.0,,,0.93,0.72,,,,6215.0,58.0,45.0
066970,엘앤에프,2차전지_양극재,2026-04-24 18:01,2025.12,2026.12,2025.12,2026.03,-6.61,5.45,-14393.0,17482.0,-76.95,-7.28,-24.81,,,363.06,21549.0,-1568.0,-5347.0,-2445.6,11.76,-77.0,16075.0,-0.48,5.37,-0.12,,,,28513.0,1530.0,-34.0,-6.61,5.45,-4894.0,17482.0,-76.95,13.35,-31.17,,,363.06,6178.0,825.0,-1926.0,507.72,,372.0,,,9.01,2.24,,,,6734.0,607.0,151.0
121600,나노신소재,2차전지_음극재소재,2026-04-24 18:01,2025.12,2026.12,2025.12,2026.03,373.0,2.41,134.0,20762.0,0.66,4.19,1.46,0.5,183.21,84.11,1117.0,47.0,16.0,,,,,,,,,,,,,,373.0,2.41,99.0,20762.0,0.66,5.69,4.21,0.5,246.89,84.11,288.0,16.0,12.0,,,,,,,,,,,,,
014680,한솔케미칼,2차전지_음극재소재,2026-04-24 18:01,2025.12,2026.12,2025.12,2026.03,17.51,2.29,12993.0,99420.0,14.34,17.67,16.76,1.14,19.25,35.94,8840.0,1562.0,1481.0,18.8,2.64,15317.0,109265.0,15.33,19.44,17.72,,,,10051.0,1954.0,1781.0,17.51,2.29,1457.0,99420.0,14.34,7.59,7.87,1.14,171.69,35.94,2224.0,169.0,175.0,74.81,,3850.0,,,20.76,18.32,,,,2349.0,488.0,430.0
078600,대주전자재료,2차전지_음극재소재,2026-04-24 18:01,2025.12,2026.12,2025.12,2026.03,47.58,3.79,1335.0,16760.0,8.6,8.13,8.21,0.16,7.33,155.9,2546.0,207.0,209.0,72.29,7.85,1950.0,17961.0,11.5,10.88,9.47,,,,3207.0,349.0,304.0,47.58,3.79,200.0,16760.0,8.6,6.21,4.46,0.16,48.8,155.9,736.0,46.0,33.0,303.34,,465.0,,,10.56,,,,,723.0,76.0,
361610,SKIET,2차전지_분리막,2026-04-24 18:01,2025.12,2026.12,2025.12,2026.03,-8.95,0.79,-2799.0,31808.0,-8.58,-94.08,-80.73,,,68.82,2619.0,-2464.0,-2114.0,-11.67,0.96,-2306.0,28088.0,-7.7,-83.62,-77.21,,,,2443.0,-2043.0,-1886.0,-8.95,0.79,-1598.0,31808.0,-8.58,-181.19,-312.42,,,68.82,418.0,-758.0,-1307.0,-44.45,,-605.0,,,-123.31,-87.76,,,,485.0,-599.0,-426.0
393890,더블유씨피,2차전지_분리막,2026-04-24 18:01,2025.12,2026.12,2025.12,2026.03,-1.3,0.24,-4789.0,26430.0,-17.4,-115.19,-146.25,,,117.49,1108.0,-1276.0,-1621.0,-10.16,0.75,-1859.0,25037.0,-7.22,-17.71,-26.69,,,,2357.0,-417.0,-629.0,-1.3,0.24,-1615.0,26430.0,-17.4,-147.88,-200.99,,,117.49,272.0,-402.0,-546.0,-26.35,,-717.0,,,-49.49,-54.68,,,,416.0,-206.0,-228.0
006650,대한유화,2차전지_분리막,2026-04-24 18:01,2025.12,2026.12,2025.12,2026.03,29.68,0.49,4878.0,297102.0,1.74,1.57,1.67,0.9,25.32,29.73,33478.0,527.0,559.0,11.63,0.5,13362.0,309154.0,4.64,4.99,4.03,,,,37983.0,1897.0,1529.0,29.68,0.49,-395.0,297102.0,1.74,2.86,0.32,0.9,-312.95,29.73,8495.0,243.0,27.0,43.35,,3585.0,,,7.07,6.86,,,,9608.0,679.0,659.0
348370,엔켐,2차전지_전해질,2026-04-24 18:01,2025.12,2026.12,2025.12,2026.03,-19.95,2.92,-3152.0,21543.0,-14.37,-25.06,-22.56,,,130.25,3128.0,-784.0,-706.0,,,,,,,,,,,,,,-19.95,2.92,-3229.0,21543.0,-14.37,-32.44,-78.66,,,130.25,902.0,-293.0,-710.0,,,,,,,,,,,,,
025900,동화기업,2차전지_전해질,2026-04-24 18:01,2025.12,2026.12,2025.12,2026.03,-9.36,0.48,-905.0,17795.0,-5.43,-1.66,-6.74,,,157.92,8296.0,-138.0,-559.0,-25.51,0.59,-475.0,20660.0,-2.73,-0.1,-3.37,,,,8614.0,-9.0,-290.0,-9.36,0.48,-438.0,17795.0,-5.43,-1.84,-10.73,,,157.92,2207.0,-41.0,-237.0,-56.69,,-214.0,,,-2.15,,,,,2050.0,-44.0,
036830,솔브레인홀딩스,2차전지_전해질,2026-04-24 18:01,2025.12,2026.12,2025.12,2026.03,1.6,0.43,23248.0,86410.0,32.06,1.59,89.03,1.34,2.1,36.52,5566.0,89.0,4956.0,,,,,,,,,,,,,,1.6,0.43,18328.0,86410.0,32.06,-13.08,276.96,1.34,2.66,36.52,1402.0,-184.0,3884.0,,,,,,,,,,,,,
056190,에스에프에이,2차전지_장비,2026-04-24 18:01,2025.12,2026.12,2025.12,2026.03,15.25,0.73,1534.0,32160.0,6.11,5.26,3.19,4.06,48.47,49.77,16310.0,859.0,521.0,11.04,0.85,2841.0,36901.0,10.59,8.69,6.5,,,,16832.0,1462.0,1094.0,15.25,0.73,42.0,32160.0,6.11,2.28,1.13,2.44,1060.99,49.77,3936.0,90.0,44.0,80.41,,390.0,,,7.06,,,,,3646.0,258.0,
137400,피엔티,2차전지_장비,2026-04-24 18:01,2025.12,2026.12,2025.12,2026.03,13.01,1.37,2890.0,27402.0,11.37,12.84,9.33,0.53,6.8,146.08,7449.0,956.0,695.0,13.2,1.78,4264.0,31679.0,14.65,13.64,11.15,,,,9238.0,1260.0,1030.0,13.01,1.37,1632.0,27402.0,11.37,12.15,10.61,0.53,12.05,146.08,3721.0,452.0,395.0,80.74,,697.0,,,10.81,,,,,1683.0,182.0,
299030,하나기술,2차전지_장비,2026-04-24 18:01,2025.12,2026.12,2025.12,2026.03,-36.91,2.13,-726.0,12570.0,-5.85,-0.04,-6.19,,,161.73,938.0,-0.0,-58.0,23.43,2.78,1351.0,11370.0,11.29,5.68,5.57,,,,1938.0,110.0,108.0,-36.91,2.13,39.0,12570.0,-5.85,2.83,3.14,,,161.73,98.0,3.0,3.0,-90.37,,-350.0,,,-40.58,-40.58,,,,69.0,-28.0,-28.0
365340,성일하이텍,2차전지_리사이클링,2026-04-24 18:01,2025.12,2026.12,2025.12,2026.03,-6.43,3.94,-6364.0,10382.0,-46.96,-28.02,-41.38,,,367.58,1946.0,-545.0,-805.0,-254.82,7.92,-318.0,10226.0,-3.09,0.44,-1.17,,,,3130.0,14.0,-36.0,-6.43,3.94,-1057.0,10382.0,-46.96,-17.47,-26.19,,,367.58,534.0,-93.0,-140.0,-155.15,,-522.0,,,-7.54,-10.59,,,,623.0,-47.0,-66.0
005420,코스모화학,2차전지_리사이클링,2026-04-24 18:01,2025.12,2026.12,2025.12,2026.03,-18.16,2.5,-790.0,5730.0,-13.52,-2.41,-4.66,,,99.95,6642.0,-160.0,-310.0,,,,,,,,,,,,,,-18.16,2.5,-364.0,5730.0,-13.52,-4.21,-9.02,,,99.95,1735.0,-73.0,-157.0,,,,,,,,,,,,,
107600,새빗켐,2차전지_리사이클링,2026-04-24 18:01,2025.12,2026.12,2025.12,2026.03,-8.77,3.59,-3299.0,8056.0,-36.71,-24.54,-47.01,0.29,-59.78,82.4,384.0,-94.0,-180.0,,,,,,,,,,,,,,-8.77,3.59,-1845.0,8056.0,-36.71,-23.94,-98.75,,,82.4,105.0,-25.0,-104.0,,,,,,,,,,,,,
207940,삼성바이오로직스,바이오_CDMO,2026-04-24 18:01,2025.12,2026.12,2025.12,2026.03,63.79,10.53,26572.0,160963.0,19.44,45.41,39.16,,,48.44,45570.0,20692.0,17844.0,35.03,6.62,43217.0,228707.0,22.18,47.12,37.37,,,,53529.0,25223.0,20006.0,63.79,10.53,9236.0,160963.0,19.44,122.53,165.26,,,48.44,3086.0,3781.0,5100.0,,,,,,47.56,38.46,,,,13579.0,6458.0,5223.0
068270,셀트리온,바이오_CDMO,2026-04-24 18:01,2025.12,2026.12,2025.12,2026.03,40.71,2.3,4446.0,78721.0,5.94,28.07,24.78,0.41,15.92,28.71,41625.0,11685.0,10315.0,32.13,2.42,6411.0,85079.0,8.03,32.79,27.16,,,,52790.0,17311.0,14339.0,40.71,2.3,2288.0,78721.0,5.94,35.72,39.69,0.41,31.03,28.71,13302.0,4752.0,5279.0,182.65,,1128.0,,,27.87,23.6,,,,11262.0,3138.0,2657.0
053030,바이넥스,바이오_CDMO,2026-04-24 18:01,2025.12,2026.12,2025.12,2026.03,-151.77,2.55,-99.0,5881.0,-1.75,-2.69,-1.95,,,66.13,1685.0,-45.0,-33.0,150.74,2.12,76.0,5451.0,1.39,2.36,1.33,,,,1947.0,46.0,26.0,-151.77,2.55,-113.0,5881.0,-1.75,-16.34,-9.54,,,66.13,388.0,-63.0,-37.0,,,,,,0.91,,,,,442.0,4.0,
000100,유한양행,제약_전통,2026-04-24 18:01,2025.12,2026.12,2025.12,2026.03,47.05,3.64,2389.0,30855.0,8.81,4.77,8.48,0.53,23.12,36.35,21866.0,1044.0,1853.0,46.26,2.96,2047.0,32012.0,7.04,6.25,6.27,,,,23877.0,1493.0,1498.0,47.05,3.64,1410.0,30855.0,8.81,4.78,20.17,0.53,39.21,36.35,5461.0,261.0,1101.0,345.79,,274.0,,,4.11,7.26,,,,5384.0,221.0,391.0
128940,한미약품,제약_전통,2026-04-24 18:01,2025.12,2026.12,2025.12,2026.03,34.15,4.59,13235.0,98560.0,14.52,16.66,12.09,0.44,14.97,50.23,15475.0,2578.0,1871.0,34.44,4.4,14229.0,111374.0,13.69,16.59,12.19,,,,16602.0,2755.0,2024.0,34.15,4.59,3756.0,98560.0,14.52,19.23,12.48,0.44,52.74,50.23,4330.0,833.0,541.0,158.72,,3087.0,,,15.13,12.68,,,,3978.0,602.0,504.0
185750,종근당,제약_전통,2026-04-24 18:01,2025.12,2026.12,2025.12,2026.03,14.76,1.09,5615.0,76180.0,8.17,4.76,4.6,0.6,8.5,78.89,16924.0,806.0,778.0,16.85,,5216.0,,,5.04,4.08,,,,17650.0,890.0,720.0,14.76,1.09,1924.0,76180.0,8.17,5.5,6.16,0.6,24.81,78.89,4268.0,235.0,263.0,68.55,,1282.0,,,5.05,,,,,4279.0,216.0,
196170,알테오젠,바이오_혁신신약,2026-04-24 18:01,2025.12,2026.12,2025.12,2026.03,170.7,54.44,2633.0,8257.0,39.42,49.52,67.25,0.08,14.12,53.76,2159.0,1069.0,1452.0,71.34,31.22,5011.0,11453.0,50.87,61.9,50.42,,,,5252.0,3252.0,2648.0,170.7,54.44,1284.0,8257.0,39.42,30.44,115.38,0.08,28.89,53.76,645.0,196.0,744.0,,,,,,65.02,,,,,1155.0,751.0,
141080,리가켐바이오,바이오_혁신신약,2026-04-24 18:01,2025.12,2026.12,2025.12,2026.03,-85.61,12.47,-2029.0,13930.0,-13.22,-75.23,-64.68,,,29.7,1416.0,-1065.0,-916.0,232.79,12.93,866.0,15590.0,5.91,3.9,14.63,,,,2179.0,85.0,319.0,-85.61,12.47,-1491.0,13930.0,-13.22,-458.39,-405.01,,,29.7,160.0,-731.0,-646.0,,,,,,,,,,,,,
028300,HLB,바이오_혁신신약,2026-04-24 18:01,2025.12,2026.12,2025.12,2026.03,-30.3,16.08,-1677.0,3159.0,-44.32,-123.81,-279.68,,,88.14,842.0,-1042.0,-2354.0,,,,,,,,,,,,,,-30.3,16.08,-193.0,3159.0,-44.32,-102.46,-102.23,,,88.14,287.0,-294.0,-293.0,,,,,,,,,,,,,
214150,클래시스,의료기기_미용,2026-04-24 18:01,2025.12,2026.12,2025.12,2026.03,27.06,6.42,2014.0,8487.0,26.21,50.65,39.18,1.83,49.38,27.73,3368.0,1706.0,1320.0,20.32,5.32,2839.0,10840.0,29.44,48.9,38.92,,,,4792.0,2343.0,1865.0,27.06,6.42,651.0,8487.0,26.21,54.79,45.67,1.83,152.8,27.73,934.0,512.0,427.0,103.33,,558.0,,,47.78,39.82,,,,939.0,449.0,374.0
145720,덴티움,의료기기_미용,2026-04-24 18:01,2025.12,2026.12,2025.12,2026.03,31.16,0.71,1483.0,65218.0,2.94,18.5,4.71,1.3,31.53,66.21,3465.0,641.0,163.0,8.08,0.72,6556.0,73141.0,9.96,20.48,14.84,,,,3987.0,817.0,592.0,31.16,0.71,-450.0,65218.0,2.94,24.29,-4.61,1.3,-103.91,66.21,1091.0,265.0,-50.0,82.12,,645.0,,,14.37,9.09,,,,770.0,111.0,70.0
336570,원텍,의료기기_미용,2026-04-24 18:01,2025.12,2026.12,2025.12,2026.03,19.74,4.39,393.0,1764.0,24.79,32.95,22.46,0.65,12.67,38.04,1568.0,517.0,352.0,13.55,3.21,546.0,2304.0,27.11,32.85,24.86,,,,1969.0,647.0,490.0,19.73,4.39,69.0,1764.0,24.8,26.41,13.43,0.65,71.61,38.04,464.0,122.0,62.0,58.4,,127.0,,,32.15,27.29,,,,458.0,147.0,125.0
328130,루닛,의료AI,2026-04-24 18:01,2025.12,2026.12,2025.12,2026.03,-25.3,8.76,-1521.0,4393.0,-31.57,-99.97,-57.01,,,169.16,831.0,-831.0,-474.0,-32.18,4.75,-1111.0,7529.0,-18.64,-14.49,-34.15,,,,1139.0,-165.0,-389.0,-25.38,8.76,-1037.0,4393.0,-31.49,-74.17,-122.55,,,169.16,265.0,-196.0,-324.0,,,,,,-30.64,-54.47,,,,235.0,-72.0,-128.0
338220,뷰노,의료AI,2026-04-24 18:01,2025.12,2026.12,2025.12,2026.03,-54.14,8.67,-413.0,2579.0,-17.3,-14.16,-16.59,,,39.53,348.0,-49.0,-58.0,,,,,,,,,,,,,,-54.14,8.67,-194.0,2579.0,-17.3,-32.53,-37.47,,,39.53,72.0,-24.0,-27.0,,,,,,,,,,,,,
322510,제이엘케이,의료AI,2026-04-24 18:01,2025.12,2026.12,2025.12,2026.03,-10.43,3.41,-533.0,1631.0,-30.01,-395.33,-407.44,,,79.95,33.0,-132.0,-136.0,,,,,,,,,,,92.0,,,-10.43,3.41,-212.0,1631.0,-30.01,-478.7,-602.58,,,79.95,9.0,-43.0,-54.0,,,,,,,,,,,7.0,,
005380,현대차,자동차_완성차,2026-04-24 18:01,2025.12,2026.12,2025.12,2026.03,8.39,0.67,35331.0,439541.0,8.41,6.16,5.56,3.37,27.72,188.95,1862545.0,114679.0,103648.0,13.07,1.13,40715.0,470102.0,9.06,6.39,6.04,,,,1946970.0,124371.0,117681.0,8.39,0.67,3877.0,439541.0,8.41,3.62,2.53,0.84,64.15,188.95,468386.0,16954.0,11840.0,57.92,,9288.0,,,5.82,5.34,,,,457741.0,26654.0,24455.0
000270,기아,자동차_완성차,2026-04-24 18:01,2025.12,2026.12,2025.12,2026.03,6.37,0.77,19111.0,157456.0,12.92,7.95,6.62,5.58,34.95,61.76,1141409.0,90781.0,75542.0,7.4,0.92,21395.0,172767.0,13.02,8.25,6.82,,,,1221550.0,100833.0,83283.0,6.37,0.77,3762.0,157456.0,12.92,6.56,5.24,5.58,179.23,61.76,280877.0,18425.0,14709.0,32.13,,4929.0,,,7.8,6.63,,,,294120.0,22938.0,19490.0
003620,KG모빌리티,자동차_완성차,2026-04-24 18:01,2025.12,2026.12,2025.12,2026.03,15.09,0.48,232.0,7336.0,3.21,0.84,1.08,,,126.95,43036.0,362.0,466.0,10.44,,390.0,,,2.16,,,,,47403.0,1026.0,,15.09,0.48,213.0,7336.0,3.21,1.78,3.64,,,126.95,11834.0,210.0,430.0,,,,,,,,,,,,,
012330,현대모비스,자동차_부품,2026-04-24 18:01,2025.12,2026.12,2025.12,2026.03,9.4,0.68,39682.0,551325.0,7.68,5.49,6.0,1.74,15.86,43.05,611181.0,33575.0,36647.0,9.2,0.75,48113.0,593570.0,8.55,5.78,6.72,,,,651492.0,37668.0,43770.0,9.4,0.68,8372.0,551325.0,7.68,6.04,4.99,1.34,58.45,43.05,153979.0,9305.0,7681.0,38.84,,11393.0,,,5.42,6.52,,,,155649.0,8430.0,10146.0
204320,HL만도,자동차_부품,2026-04-24 18:01,2025.12,2026.12,2025.12,2026.03,27.55,1.02,2130.0,57793.0,3.82,3.78,1.3,1.28,35.2,148.16,94548.0,3571.0,1228.0,12.53,0.92,4261.0,58192.0,7.35,4.22,2.35,,,,98486.0,4154.0,2319.0,27.55,1.02,510.0,57793.0,3.82,3.24,1.18,1.28,146.95,148.16,24616.0,797.0,291.0,55.75,,958.0,,,3.8,2.25,,,,23579.0,896.0,531.0
018880,한온시스템,자동차_부품,2026-04-24 18:01,2025.12,2026.12,2025.12,2026.03,-11.55,0.81,-257.0,3671.0,-6.0,2.48,-1.81,4.1,330.76,168.14,108837.0,2704.0,-1973.0,22.94,1.17,184.0,3611.0,5.06,3.7,1.73,,,,112507.0,4160.0,1951.0,-11.55,0.81,-274.0,3671.0,-6.0,3.32,-7.95,,,168.14,27025.0,897.0,-2149.0,103.82,,41.0,,,3.4,1.74,,,,27001.0,919.0,471.0
161390,한국타이어앤테크놀로지,타이어,2026-04-24 18:01,2025.12,2026.12,2025.12,2026.03,6.63,0.59,8795.0,99234.0,9.39,8.68,4.58,3.95,25.75,87.63,212023.0,18411.0,9716.0,5.6,0.6,11465.0,107690.0,11.25,9.86,6.24,,,,223088.0,21992.0,13911.0,6.63,0.59,1594.0,99234.0,9.39,10.02,1.67,2.57,92.68,87.63,54562.0,5468.0,911.0,23.72,,2706.0,,,9.61,6.16,,,,52301.0,5028.0,3220.0
073240,금호타이어,타이어,2026-04-24 18:01,2025.12,2026.12,2025.12,2026.03,4.85,0.83,1209.0,7065.0,18.53,12.25,8.01,,,147.44,47013.0,5759.0,3768.0,3.94,0.69,1506.0,8634.0,19.19,12.73,9.04,,,,50710.0,6455.0,4585.0,4.85,0.83,589.0,7065.0,18.53,12.55,15.23,,,147.44,11601.0,1456.0,1767.0,17.9,,332.0,,,12.22,8.05,,,,11957.0,1462.0,963.0
002350,넥센타이어,타이어,2026-04-24 18:01,2025.12,2026.12,2025.12,2026.03,5.2,0.38,1448.0,19967.0,7.71,5.34,4.74,2.66,13.74,129.23,31896.0,1703.0,1512.0,4.71,0.36,1618.0,21172.0,7.95,6.81,5.12,,,,33474.0,2280.0,1712.0,5.2,0.38,357.0,19967.0,7.71,4.86,4.47,2.66,55.77,129.23,8331.0,405.0,372.0,17.69,,431.0,,,6.9,5.07,,,,8337.0,575.0,422.0
005490,POSCO홀딩스,철강,2026-04-24 18:01,2025.12,2026.12,2025.12,2026.03,37.73,0.41,8085.0,736969.0,1.18,2.64,0.73,3.28,114.99,68.64,690949.0,18271.0,5044.0,18.38,0.54,22331.0,755875.0,3.15,4.31,2.62,,,,718942.0,30972.0,18808.0,37.73,0.41,-2784.0,736969.0,1.18,0.07,-1.84,0.82,-83.89,68.64,168415.0,127.0,-3106.0,100.12,,4100.0,,,3.4,2.06,,,,174739.0,5949.0,3596.0
004020,현대제철,철강,2026-04-24 18:01,2025.12,2026.12,2025.12,2026.03,-599.08,0.21,-52.0,147255.0,-0.04,0.96,0.01,1.61,-950.96,73.6,227332.0,2192.0,14.0,21.95,0.28,1879.0,148017.0,1.29,2.27,1.08,,,,238069.0,5411.0,2575.0,-599.08,0.21,-20.0,147255.0,-0.04,0.79,0.01,1.61,-2455.28,73.6,54898.0,433.0,6.0,336.33,,123.0,,,0.97,0.45,,,,57631.0,560.0,260.0
001430,세아베스틸지주,철강,2026-04-24 18:01,2025.12,2026.12,2025.12,2026.03,32.04,0.93,1567.0,54192.0,2.89,2.7,1.54,2.39,68.58,100.44,36516.0,984.0,561.0,33.7,1.27,2071.0,54810.0,3.8,3.47,1.94,,,,37748.0,1311.0,734.0,32.04,0.93,-41.0,54192.0,2.89,1.03,-0.22,2.39,-2609.28,100.44,8613.0,89.0,-19.0,176.64,,395.0,,,2.72,1.41,,,,9223.0,251.0,130.0
329180,HD현대중공업,조선,2026-04-24 18:01,2025.12,2026.12,2025.12,2026.03,32.42,5.72,15702.0,89001.0,18.82,11.59,8.05,1.11,40.06,180.07,175806.0,20375.0,14155.0,25.11,5.89,25526.0,108845.0,25.8,14.44,11.19,,,,239508.0,34595.0,26804.0,32.42,5.72,5195.0,89001.0,18.82,11.07,9.43,0.78,85.52,180.07,51931.0,5750.0,4896.0,106.53,,6017.0,,,13.87,10.49,,,,56775.0,7876.0,5955.0
010140,삼성중공업,조선,2026-04-24 18:01,2025.12,2026.12,2025.12,2026.03,38.88,4.96,620.0,4857.0,13.73,8.1,5.03,,,265.05,106500.0,8622.0,5358.0,24.63,5.36,1380.0,6338.0,25.4,12.52,9.37,,,,127062.0,15904.0,11910.0,38.88,4.96,111.0,4857.0,13.73,10.44,3.28,,,265.05,28379.0,2962.0,930.0,110.91,,307.0,,,11.38,7.99,,,,29876.0,3401.0,2388.0
042660,한화오션,조선,2026-04-24 18:01,2025.12,2026.12,2025.12,2026.03,27.94,5.64,4066.0,20138.0,22.59,9.13,9.75,,,226.17,127835.0,11676.0,12459.0,30.04,5.49,4475.0,24485.0,20.06,12.17,9.94,,,,137962.0,16788.0,13712.0,27.94,5.64,1998.0,20138.0,22.59,7.45,18.43,,,226.17,33230.0,2475.0,6123.0,140.27,,958.0,,,11.4,8.32,,,,32901.0,3750.0,2738.0
000720,현대건설,건설_대형,2026-04-24 18:01,2025.12,2026.12,2025.12,2026.03,21.12,0.95,3320.0,73523.0,4.58,2.1,1.8,1.14,24.11,174.81,310629.0,6530.0,5591.0,39.51,2.27,4439.0,77130.0,5.89,2.92,2.38,,,,277466.0,8107.0,6611.0,21.12,0.95,1020.0,73523.0,4.58,1.47,2.06,1.14,78.5,174.81,80601.0,1188.0,1659.0,199.23,,880.0,,,2.47,2.18,,,,68182.0,1682.0,1486.0
006360,GS건설,건설_대형,2026-04-24 18:01,2025.12,2026.12,2025.12,2026.03,18.03,0.35,1093.0,56462.0,2.03,3.52,0.75,2.54,45.39,234.2,124503.0,4378.0,934.0,12.53,0.71,3316.0,58561.0,5.81,4.39,2.68,,,,115562.0,5070.0,3100.0,18.03,0.35,443.0,56462.0,2.03,1.91,1.5,2.54,111.92,234.2,29834.0,569.0,447.0,50.6,,821.0,,,4.01,2.8,,,,27659.0,1108.0,776.0
375500,DL이앤씨,건설_대형,2026-04-24 18:01,2025.12,2026.12,2025.12,2026.03,4.77,0.33,8625.0,126050.0,7.34,5.23,5.0,2.16,10.03,84.38,74024.0,3870.0,3702.0,12.01,0.73,8127.0,133474.0,6.46,6.69,5.07,,,,68982.0,4614.0,3500.0,4.77,0.33,4784.0,126050.0,7.34,3.72,12.11,2.16,18.08,84.38,16958.0,630.0,2053.0,45.63,,2139.0,,,6.35,4.88,,,,16588.0,1053.0,810.0
009240,한샘,건설자재_가구,2026-04-24 18:01,2025.12,2026.12,2025.12,2026.03,23.47,1.92,1967.0,24081.0,12.34,1.06,2.65,17.94,93.69,148.39,17445.0,185.0,463.0,38.78,1.63,999.0,23786.0,5.92,1.64,1.36,,,,17321.0,284.0,235.0,23.47,1.92,195.0,24081.0,12.34,0.74,1.15,,,148.39,4003.0,30.0,46.0,325.69,,119.0,,,1.44,1.27,,,,4256.0,61.0,54.0
079430,현대리바트,건설자재_가구,2026-04-24 18:01,2025.12,2026.12,2025.12,2026.03,19.1,0.33,361.0,20785.0,1.79,1.02,0.48,1.89,35.3,84.96,15462.0,157.0,74.0,,,,,,,,,,,,,,19.1,0.33,-135.0,20785.0,1.79,-0.73,-0.77,1.89,-94.4,84.96,3579.0,-26.0,-28.0,,,,,,,,,,,,,
002380,KCC,건설자재_가구,2026-04-24 18:01,2025.12,2026.12,2025.12,2026.03,2.43,0.4,173128.0,1063952.0,23.51,6.59,23.73,3.57,7.17,114.76,64838.0,4276.0,15385.0,6.36,0.5,88186.0,1118246.0,9.75,6.67,11.34,,,,67577.0,4508.0,7662.0,2.43,0.4,30928.0,1063952.0,23.51,4.27,17.66,3.33,37.46,114.76,15564.0,665.0,2748.0,15.91,,35267.0,,,5.95,23.32,,,,16383.0,975.0,3821.0
010130,고려아연,비철금속,2026-04-24 18:01,2025.12,2026.12,2025.12,2026.03,34.17,2.45,38514.0,536342.0,8.48,7.43,4.64,1.52,52.63,82.36,165879.0,12319.0,7702.0,24.68,2.74,67840.0,610324.0,12.11,9.5,6.44,,,,218195.0,20726.0,14057.0,34.17,2.45,10802.0,536342.0,8.48,8.98,4.35,1.52,194.94,82.36,47699.0,4285.0,2073.0,76.45,,21898.0,,,11.67,7.59,,,,54596.0,6373.0,4143.0
103140,풍산,비철금속,2026-04-24 18:01,2025.12,2026.12,2025.12,2026.03,20.28,1.27,5251.0,84137.0,6.54,5.89,2.92,1.6,31.55,88.38,50486.0,2974.0,1472.0,11.55,1.09,8633.0,91312.0,10.1,5.92,4.02,,,,60166.0,3560.0,2420.0,20.28,1.27,315.0,84137.0,6.54,6.43,0.62,1.6,526.01,88.38,14245.0,915.0,88.0,42.85,,2327.0,,,6.85,4.8,,,,13735.0,941.0,659.0
006260,LS,비철금속,2026-04-24 18:01,2025.12,2026.12,2025.12,2026.03,23.63,1.09,8458.0,182946.0,5.64,3.3,1.52,1.25,25.25,225.47,318700.0,10526.0,4851.0,25.07,1.92,14919.0,194655.0,9.04,3.72,2.06,,,,372811.0,13881.0,7693.0,23.63,1.09,573.0,182946.0,5.64,2.83,0.84,1.25,376.67,225.47,90293.0,2553.0,761.0,96.59,,3872.0,,,4.06,2.48,,,,87690.0,3559.0,2170.0
213500,한솔제지,제지,2026-04-24 18:01,2025.12,2026.12,2025.12,2026.03,50.89,0.28,163.0,29322.0,0.56,2.18,0.17,6.02,305.9,185.78,22900.0,499.0,39.0,5.9,0.34,1477.0,25486.0,5.39,3.69,1.49,,,,23566.0,870.0,352.0,50.89,0.28,-93.0,29322.0,0.56,1.3,-0.37,3.61,-322.03,185.78,5946.0,77.0,-22.0,72.83,,120.0,,,2.54,0.46,,,,5814.0,148.0,27.0
009580,무림P&P,제지,2026-04-24 18:01,2025.12,2026.12,2025.12,2026.03,-4.65,0.26,-544.0,9575.0,-5.5,-3.34,-4.52,4.94,-22.99,199.96,7316.0,-245.0,-331.0,,,,,,,,,,,,,,-4.65,0.26,-285.0,9575.0,-5.5,-2.71,-8.33,4.94,-43.91,199.96,2065.0,-56.0,-172.0,,,,,,,,,,,,,
004540,깨끗한나라,제지,2026-04-24 18:01,2025.12,2026.12,2025.12,2026.03,-1.5,0.42,-1263.0,4539.0,-26.34,-4.46,-9.35,,,273.37,5082.0,-226.0,-475.0,,,,,,,,,,,,,,-1.5,0.42,-542.0,4539.0,-26.34,-7.62,-16.62,,,273.37,1226.0,-93.0,-204.0,,,,,,,,,,,,,
105560,KB금융,은행,2026-04-24 18:01,2025.12,2026.12,2025.12,2026.03,8.25,0.76,15116.0,164669.0,9.98,10.49,7.19,3.5,27.11,1211.73,812307.0,85177.0,58407.0,9.34,0.9,16924.0,175832.0,10.39,,,,,,,87509.0,62720.0,8.25,0.76,1865.0,164669.0,9.98,7.84,3.29,1.29,80.9,1211.73,224189.0,17567.0,7388.0,33.95,,4781.0,,,,,,,,,24898.0,17866.0
055550,신한지주,은행,2026-04-24 18:01,2025.12,2026.12,2025.12,2026.03,7.62,0.63,10085.0,121468.0,8.72,10.86,7.86,3.37,25.07,1201.94,646820.0,70234.0,50845.0,8.77,0.78,11394.0,128310.0,9.15,,,,,,,75001.0,55202.0,7.62,0.63,1052.0,121468.0,8.72,7.02,3.4,1.14,81.8,1201.94,158271.0,11103.0,5380.0,30.83,,3231.0,,,,,,,,,21122.0,15607.0
086790,하나금융지주,은행,2026-04-24 18:01,2025.12,2026.12,2025.12,2026.03,6.67,0.57,14110.0,164776.0,9.17,7.76,5.85,4.36,27.96,1377.89,689436.0,53509.0,40366.0,7.78,0.69,15539.0,175454.0,9.34,,,,,,,58012.0,42870.0,6.67,0.57,2046.0,164776.0,9.17,5.19,3.37,1.45,64.78,1377.89,171488.0,8904.0,5776.0,29.76,,4062.0,,,,,,,,,15033.0,11553.0
006800,미래에셋증권,증권,2026-04-24 18:01,2025.12,2026.12,2025.12,2026.03,10.79,1.02,2154.0,22708.0,12.36,6.54,5.41,1.28,11.1,1015.01,292830.0,19151.0,15829.0,18.9,2.57,3582.0,26366.0,17.79,9.18,7.24,,,,340480.0,31240.0,24639.0,10.79,1.02,782.0,22708.0,12.36,9.54,6.49,1.28,30.71,1015.01,88631.0,8457.0,5751.0,47.03,,1439.0,,,,,,,,,13572.0,10305.0
071050,한국금융지주,증권,2026-04-24 18:01,2025.12,2026.12,2025.12,2026.03,4.93,0.79,32808.0,205667.0,18.66,12.05,10.4,5.37,25.13,1025.35,194661.0,23453.0,20244.0,7.02,1.12,36875.0,231104.0,17.81,13.16,10.44,,,,213680.0,28116.0,22311.0,4.93,0.79,5668.0,205667.0,18.66,10.81,9.93,5.37,145.47,1025.35,35239.0,3811.0,3498.0,23.7,,10926.0,,,,,,,,,8220.0,6445.0
039490,키움증권,증권,2026-04-24 18:01,2025.12,2026.12,2025.12,2026.03,7.15,1.14,40504.0,254008.0,18.12,8.69,6.51,3.97,27.05,1107.51,171217.0,14882.0,11150.0,8.08,1.52,55241.0,293297.0,20.32,10.66,8.05,,,,181765.0,19379.0,14629.0,7.15,1.14,9036.0,254008.0,18.12,6.19,4.42,3.97,122.15,1107.51,55862.0,3456.0,2469.0,28.94,,15429.0,,,,,,,,,5446.0,4086.0
032830,삼성생명,보험,2026-04-24 18:01,2025.12,2026.12,2025.12,2026.03,13.69,0.45,11514.0,349293.0,4.96,6.95,6.6,3.36,41.33,440.89,371383.0,25805.0,24515.0,20.65,0.59,12374.0,431468.0,3.53,,,,,,,29658.0,25954.0,13.69,0.45,929.0,349293.0,4.96,0.92,2.13,3.36,512.51,440.89,103308.0,953.0,2195.0,67.61,,3779.0,,,,,,,,,8761.0,7736.0
000810,삼성화재,보험,2026-04-24 18:01,2025.12,2026.12,2025.12,2026.03,12.21,0.99,40703.0,500071.0,10.97,10.73,8.15,3.92,41.07,352.98,247785.0,26591.0,20203.0,10.53,0.86,43954.0,538405.0,9.56,,,,,,,29111.0,20980.0,12.21,0.99,4780.0,500071.0,10.97,6.43,3.85,3.92,353.15,352.98,60830.0,3913.0,2344.0,36.76,,12595.0,,,,,,,,,8505.0,6244.0
005830,DB손해보험,보험,2026-04-24 18:01,2025.12,2026.12,2025.12,2026.03,5.19,0.73,25263.0,179423.0,17.75,10.34,7.77,5.8,25.78,576.91,230479.0,23840.0,17906.0,7.29,,23812.0,,,,,,,,,,16220.0,5.19,0.73,5355.0,179423.0,17.75,9.4,6.79,5.8,121.72,576.91,55760.0,5244.0,3788.0,,,,,,,,,,,,,
035600,KG이니시스,핀테크_결제,2026-04-24 18:01,2025.12,2026.12,2025.12,2026.03,5.9,0.55,1732.0,18729.0,9.78,7.25,4.25,5.87,33.37,161.81,13589.0,986.0,578.0,4.62,0.52,2457.0,21932.0,12.51,8.04,5.79,,,,14022.0,1127.0,812.0,5.9,0.55,138.0,18729.0,9.78,6.0,0.93,5.87,421.17,161.81,3511.0,211.0,33.0,,,,,,,,,,,,,
060250,NHN KCP,핀테크_결제,2026-04-24 18:01,2025.12,2026.12,2025.12,2026.03,13.21,1.91,1128.0,7810.0,16.35,4.43,3.71,1.68,20.81,119.43,12349.0,547.0,458.0,15.19,2.27,1343.0,8982.0,17.03,4.47,3.91,,,,13834.0,618.0,542.0,13.21,1.91,309.0,7810.0,16.35,4.66,3.73,1.68,75.96,119.43,3356.0,156.0,125.0,73.81,,276.0,,,3.86,3.6,,,,3198.0,123.0,115.0
064260,다날,핀테크_결제,2026-04-24 18:01,2025.12,2026.12,2025.12,2026.03,-7.91,1.79,-910.0,4033.0,-21.22,1.03,-30.33,,,141.22,2254.0,23.0,-684.0,,,,,,,,,,,,,,-7.91,1.79,-131.0,4033.0,-21.22,-5.52,-21.09,,,141.22,559.0,-31.0,-118.0,,,,,,,,,,,,,
017670,SK텔레콤,통신,2026-04-24 18:01,2025.12,2026.12,2025.12,2026.03,28.14,0.89,1901.0,60395.0,3.33,6.28,2.19,3.1,86.55,132.4,170992.0,10732.0,3751.0,17.2,1.57,5745.0,62976.0,9.39,10.68,7.02,,,,177339.0,18945.0,12441.0,28.14,0.89,524.0,60395.0,3.33,2.75,2.24,1.46,197.21,132.4,43287.0,1191.0,970.0,60.01,,1646.0,,,11.66,7.22,,,,43976.0,5127.0,3174.0
030200,KT,통신,2026-04-24 18:01,2025.12,2026.12,2025.12,2026.03,7.66,0.72,6869.0,73231.0,10.22,8.74,6.5,4.56,33.56,120.72,282442.0,24691.0,18368.0,10.72,0.81,5783.0,76226.0,8.1,7.67,5.5,,,,277772.0,21309.0,15280.0,7.66,0.72,443.0,73231.0,10.22,3.32,1.34,1.14,129.49,120.72,68450.0,2274.0,914.0,44.98,,1378.0,,,7.46,5.78,,,,67697.0,5053.0,3913.0
032640,LG유플러스,통신,2026-04-24 18:01,2025.12,2026.12,2025.12,2026.03,12.19,0.71,1208.0,20826.0,6.01,5.77,3.3,4.48,53.73,117.06,154517.0,8921.0,5092.0,9.8,0.77,1709.0,21843.0,8.1,7.16,4.6,,,,157363.0,11270.0,7236.0,12.19,0.71,207.0,20826.0,6.01,4.43,2.09,2.79,195.65,117.06,38484.0,1705.0,806.0,40.45,,414.0,,,7.28,4.84,,,,38637.0,2812.0,1870.0
035420,NAVER,플랫폼,2026-04-24 18:01,2025.12,2026.12,2025.12,2026.03,19.59,1.32,12376.0,184396.0,7.36,18.35,15.11,1.08,20.15,41.9,120350.0,22081.0,18187.0,15.65,1.11,13899.0,196090.0,7.66,18.27,15.96,,,,134006.0,24490.0,21393.0,19.59,1.32,1997.0,184396.0,7.36,19.11,5.1,1.08,125.66,41.9,31951.0,6106.0,1630.0,67.49,,3223.0,,,17.79,15.75,,,,31443.0,5593.0,4953.0
035720,카카오,플랫폼,2026-04-24 18:01,2025.12,2026.12,2025.12,2026.03,54.13,2.35,1110.0,25625.0,4.59,9.04,6.4,0.12,6.72,82.49,80991.0,7320.0,5180.0,32.59,1.79,1485.0,27039.0,5.67,10.61,7.96,,,,86589.0,9186.0,6893.0,54.13,2.35,76.0,25625.0,4.59,10.97,-2.22,0.12,98.67,82.49,21205.0,2327.0,-471.0,132.85,,364.0,,,8.92,9.14,,,,20091.0,1792.0,1837.0
042000,카페24,플랫폼,2026-04-24 18:01,2025.12,2026.12,2025.12,2026.03,18.72,2.74,1611.0,10998.0,16.23,12.78,12.41,,,56.29,3148.0,402.0,391.0,,,,,,,,,,,,,,18.72,2.74,544.0,10998.0,16.23,14.88,15.1,,,56.29,873.0,130.0,132.0,,,,,,,,,,,,,
259960,크래프톤,게임,2026-04-24 18:01,2025.12,2026.12,2025.12,2026.03,15.94,1.56,15438.0,157747.0,10.6,31.7,22.06,0.91,13.55,31.31,33266.0,10544.0,7337.0,12.42,1.41,21449.0,189050.0,13.23,28.06,22.91,,,,44634.0,12523.0,10226.0,15.94,1.56,-421.0,157747.0,10.6,0.27,-2.47,0.91,-498.42,31.31,9197.0,24.0,-227.0,37.88,,7036.0,,,33.99,28.59,,,,12058.0,4098.0,3447.0
036570,엔씨소프트,게임,2026-04-24 18:01,2025.12,2026.12,2025.12,2026.03,12.58,1.16,16023.0,173511.0,10.79,1.07,23.05,0.57,6.43,28.56,15069.0,161.0,3474.0,15.8,1.43,17155.0,189306.0,10.51,18.33,15.98,,,,23187.0,4251.0,3705.0,12.58,1.16,-110.0,173511.0,10.79,0.8,-0.37,0.57,-938.15,28.56,4042.0,32.0,-15.0,69.06,,3924.0,,,17.95,15.31,,,,5181.0,930.0,793.0
251270,넷마블,게임,2026-04-24 18:01,2025.12,2026.12,2025.12,2026.03,18.43,0.73,2618.0,66269.0,4.15,12.43,8.14,1.82,31.9,47.36,28351.0,3525.0,2308.0,12.25,0.71,4052.0,69735.0,6.0,14.03,11.64,,,,30415.0,4267.0,3541.0,18.43,0.73,-563.0,66269.0,4.15,13.89,-6.29,1.82,-148.31,47.36,7976.0,1108.0,-501.0,64.93,,765.0,,,10.47,11.21,,,,6921.0,725.0,776.0
352820,하이브,엔터,2026-04-24 18:01,2025.12,2026.12,2025.12,2026.03,-58.17,4.31,-5673.0,76647.0,-7.33,1.86,-9.6,0.15,-9.06,54.46,26499.0,493.0,-2544.0,25.22,2.89,9773.0,85271.0,12.14,12.2,9.65,,,,43201.0,5271.0,4168.0,-58.17,4.31,-6266.0,76647.0,-7.33,0.56,-37.99,0.15,-8.1,54.46,7164.0,40.0,-2722.0,238.43,,1034.0,,,6.79,6.89,,,,6326.0,429.0,436.0
035900,JYP Ent.,엔터,2026-04-24 18:01,2025.12,2026.12,2025.12,2026.03,16.07,3.88,4519.0,18730.0,29.21,18.89,19.54,1.21,18.1,36.19,8219.0,1552.0,1606.0,17.24,2.87,3655.0,21943.0,19.27,19.76,15.07,,,,8586.0,1696.0,1294.0,16.07,3.88,779.0,18730.0,29.21,18.02,11.97,1.21,105.03,36.19,2326.0,419.0,279.0,98.73,,638.0,,,16.93,12.17,,,,1593.0,270.0,194.0
041510,에스엠,엔터,2026-04-24 18:01,2025.12,2026.12,2025.12,2026.03,8.93,3.08,15126.0,43793.0,41.65,15.58,30.59,1.2,10.68,47.76,11749.0,1830.0,3594.0,15.47,1.96,5992.0,47378.0,13.14,15.85,11.33,,,,12764.0,2023.0,1446.0,8.93,3.08,1308.0,43793.0,41.65,17.12,9.74,1.2,123.88,47.76,3190.0,546.0,311.0,76.59,,1210.0,,,14.14,11.36,,,,2577.0,364.0,293.0
035760,CJ ENM,미디어_방송,2026-04-24 18:01,2025.12,2026.12,2025.12,2026.03,48.02,0.48,1345.0,134461.0,1.06,2.59,0.33,,,151.51,51345.0,1329.0,170.0,17.23,0.39,3134.0,138280.0,2.43,3.57,1.44,,,,53764.0,1919.0,774.0,48.02,0.48,-3652.0,134461.0,1.06,5.98,-6.62,,,151.51,14378.0,860.0,-952.0,3604.01,,15.0,,,2.15,0.68,,,,12001.0,258.0,81.0
253450,스튜디오드래곤,미디어_방송,2026-04-24 18:01,2025.12,2026.12,2025.12,2026.03,124.52,1.61,343.0,26623.0,1.34,5.72,1.94,,,29.27,5307.0,304.0,103.0,27.65,1.26,1271.0,27869.0,4.67,8.56,6.11,,,,6258.0,535.0,382.0,124.52,1.61,93.0,26623.0,1.34,12.7,1.91,,,29.27,1459.0,185.0,28.0,117.4,,299.0,,,6.56,5.4,,,,1455.0,96.0,79.0
034120,SBS,미디어_방송,2026-04-24 18:01,2025.12,2026.12,2025.12,2026.03,43.2,0.27,433.0,69877.0,0.73,1.8,0.79,1.76,76.23,57.45,10085.0,182.0,79.0,10.64,0.31,1439.0,50155.0,2.4,3.73,2.56,,,,10627.0,396.0,272.0,43.2,0.27,-61.0,69877.0,0.73,1.69,-0.42,1.76,-536.69,57.45,2947.0,50.0,-12.0,,,,,,,,,,,,,
030000,제일기획,광고_마케팅,2026-04-24 18:01,2025.12,2026.12,2025.12,2026.03,11.64,1.35,1804.0,15525.0,13.7,7.41,4.59,5.86,60.02,125.93,45469.0,3369.0,2086.0,10.0,1.23,1989.0,16139.0,14.27,7.38,4.87,,,,47570.0,3513.0,2316.0,11.64,1.35,553.0,15525.0,13.7,7.53,5.37,5.86,195.7,125.93,11997.0,904.0,644.0,68.25,,292.0,,,4.62,3.05,,,,10801.0,499.0,329.0
214320,이노션,광고_마케팅,2026-04-24 18:01,2025.12,2026.12,2025.12,2026.03,8.05,0.69,2294.0,26618.0,8.88,7.59,5.08,6.37,51.22,154.42,21460.0,1628.0,1090.0,7.54,0.7,2557.0,27539.0,9.44,7.98,5.53,,,,21796.0,1740.0,1206.0,8.05,0.69,779.0,26618.0,8.88,7.15,5.5,5.15,121.91,154.42,6321.0,452.0,347.0,39.13,,492.0,,,6.43,4.69,,,,5134.0,330.0,241.0
010470,오리콤,광고_마케팅,2026-04-24 18:01,2025.12,2026.12,2025.12,2026.03,9.15,0.53,648.0,11173.0,6.11,3.92,3.41,4.55,40.88,87.11,2277.0,89.0,78.0,,,,,,,,,,,,,,9.15,0.53,372.0,11173.0,6.11,7.72,7.12,4.55,71.27,87.11,625.0,48.0,44.0,,,,,,,,,,,,,
053800,안랩,정보보안,2026-04-24 18:01,2025.12,2026.12,2025.12,2026.03,12.32,1.45,4878.0,41556.0,14.68,12.43,19.24,2.33,23.19,29.58,2677.0,333.0,515.0,,,,,,,,,,,,,,12.32,1.45,2124.0,41556.0,14.68,24.98,27.16,2.33,53.24,29.58,836.0,209.0,227.0,,,,,,,,,,,,,
067920,이글루코퍼레이션,정보보안,2026-04-24 18:01,2025.12,2026.12,2025.12,2026.03,-1403.6,0.72,-4.0,7266.0,-0.05,11.18,2.53,4.01,-5188.39,28.76,1433.0,160.0,36.0,-400.81,1.04,-18.0,7026.0,-0.27,9.06,8.24,,,,1954.0,177.0,161.0,-1403.6,0.72,-152.0,7266.0,-0.05,22.06,2.97,4.01,-127.29,28.76,672.0,148.0,20.0,,,,,,,,,,,,,
049470,SGA,정보보안,2026-04-24 18:01,2025.12,2026.12,2025.12,2026.03,-7.26,1.67,-121.0,525.0,-19.04,-18.2,-37.51,,,16.07,248.0,-45.0,-93.0,,,,,,,,,,,,,,-7.26,1.67,-93.0,525.0,-19.04,-18.79,-116.79,,,16.07,94.0,-18.0,-109.0,,,,,,,,,,,,,
051910,LG화학,화학,2026-04-24 18:01,2025.12,2026.12,2025.12,2026.03,-14.33,0.79,-23242.0,419617.0,-5.5,2.57,-2.13,0.6,-8.63,114.54,459322.0,11809.0,-9771.0,-112.34,0.95,-3485.0,410514.0,-0.84,2.24,0.02,,,,491156.0,10989.0,115.0,-14.33,0.79,-17845.0,419617.0,-5.5,-3.69,-14.05,0.6,-11.23,114.54,111971.0,-4133.0,-15728.0,-74.01,,-5290.0,,,-1.44,-4.0,,,,113219.0,-1636.0,-4528.0
011170,롯데케미칼,화학,2026-04-24 18:01,2025.12,2026.12,2025.12,2026.03,-1.48,0.24,-47624.0,298452.0,-15.13,-5.1,-13.4,1.42,-2.07,76.52,184830.0,-9431.0,-24762.0,-7.09,0.34,-13282.0,277519.0,-4.68,-1.69,-3.2,,,,202863.0,-3420.0,-6492.0,-1.48,0.24,-30947.0,298452.0,-15.13,-9.2,-33.87,0.71,-1.59,76.52,47099.0,-4335.0,-15950.0,-23.32,,-4036.0,,,-2.99,-3.46,,,,49357.0,-1473.0,-1710.0
011780,금호석유,화학,2026-04-24 18:01,2025.12,2026.12,2025.12,2026.03,12.26,0.49,9843.0,244373.0,4.74,3.93,4.21,1.41,14.99,35.67,69151.0,2718.0,2909.0,11.37,0.53,11952.0,255113.0,5.32,4.83,5.07,,,,66999.0,3235.0,3396.0,12.26,0.49,49.0,244373.0,4.74,0.1,0.09,1.41,3064.67,35.67,15897.0,16.0,14.0,48.1,,2825.0,,,4.09,4.49,,,,16863.0,690.0,757.0
010950,S-Oil,정유,2026-04-24 18:01,2025.12,2026.12,2025.12,2026.03,54.69,1.09,1518.0,76339.0,2.01,0.69,0.52,0.4,21.77,198.82,342470.0,2356.0,1770.0,11.17,1.41,10817.0,85821.0,13.36,5.08,3.42,,,,369119.0,18743.0,12613.0,54.69,1.09,1930.0,76339.0,2.01,4.23,2.56,0.4,17.11,198.82,87926.0,3719.0,2251.0,26.18,,4615.0,,,8.16,4.6,,,,91954.0,7508.0,4228.0
078930,GS,정유,2026-04-24 18:01,2025.12,2026.12,2025.12,2026.03,6.68,0.36,8434.0,155303.0,5.55,11.66,4.12,5.33,35.57,86.04,251841.0,29361.0,10381.0,9.96,0.48,7709.0,158415.0,4.92,11.22,4.02,,,,257110.0,28837.0,10327.0,6.68,0.36,2557.0,155303.0,5.55,11.96,3.86,5.33,117.31,86.04,64873.0,7762.0,2505.0,44.35,,1732.0,,,12.17,5.21,,,,63917.0,7780.0,3330.0
015760,한국전력,전력_유틸리티,2026-04-24 18:01,2025.12,2026.12,2025.12,2026.03,3.55,0.63,13311.0,75035.0,19.4,13.85,8.89,3.27,11.58,416.85,974293.0,134906.0,86667.0,3.39,0.54,13630.0,86307.0,16.9,14.34,8.55,,,,984309.0,141186.0,84165.0,3.55,0.63,2063.0,75035.0,19.4,8.23,5.65,3.27,74.75,416.85,236828.0,19492.0,13386.0,11.64,,3969.0,,,17.09,10.12,,,,247405.0,42284.0,25046.0
051600,한전KPS,전력_유틸리티,2026-04-24 18:01,2025.12,2026.12,2025.12,2026.03,17.91,1.65,2761.0,29906.0,9.29,8.89,7.88,3.34,59.8,26.58,15765.0,1401.0,1243.0,18.14,1.99,3456.0,31440.0,11.27,11.17,9.55,,,,16463.0,1839.0,1572.0,17.91,1.65,432.0,29906.0,9.29,4.37,4.41,3.34,382.56,26.58,4408.0,193.0,194.0,84.22,,744.0,,,12.56,11.88,,,,3552.0,446.0,422.0
036460,한국가스공사,전력_유틸리티,2026-04-24 18:01,2025.12,2026.12,2025.12,2026.03,27.27,0.32,1441.0,123774.0,1.23,5.88,0.37,2.94,75.71,396.6,357273.0,21012.0,1323.0,4.42,0.28,8465.0,131849.0,7.0,6.14,2.27,,,,346045.0,21245.0,7863.0,27.27,0.32,-4408.0,123774.0,1.23,5.27,-4.52,2.94,-24.75,396.6,89924.0,4736.0,-4068.0,9.06,,4133.0,,,6.62,3.42,,,,119883.0,7932.0,4099.0
018670,SK가스,에너지_LPG_LNG,2026-04-24 18:01,2025.12,2026.12,2025.12,2026.03,8.84,0.69,25453.0,325701.0,8.24,5.77,3.05,4.0,34.45,155.42,76763.0,4428.0,2338.0,9.15,0.72,27168.0,342781.0,8.36,5.93,3.67,,,,78993.0,4684.0,2902.0,8.84,0.69,-1704.0,325701.0,8.24,1.77,-0.84,3.11,-400.45,155.42,20187.0,358.0,-170.0,32.11,,7739.0,,,6.12,7.83,,,,19494.0,1194.0,1526.0
017940,E1,에너지_LPG_LNG,2026-04-24 18:01,2025.12,2026.12,2025.12,2026.03,5.45,0.24,15276.0,349725.0,5.29,3.12,1.1,5.46,25.1,509.97,103925.0,3241.0,1142.0,6.83,0.32,14563.0,313884.0,5.21,2.44,1.06,,,,104365.0,2544.0,1110.0,5.45,0.24,-2759.0,349725.0,5.29,0.93,-0.97,4.92,-125.27,509.97,29435.0,273.0,-286.0,,,,,,,,,,,,,
071320,지역난방공사,에너지_LPG_LNG,2026-04-24 18:01,2025.12,2026.12,2025.12,2026.03,3.29,0.48,29268.0,198762.0,14.84,13.25,8.48,6.39,21.04,257.56,39982.0,5296.0,3389.0,4.89,0.39,15978.0,199475.0,8.02,8.86,5.1,,,,36902.0,3270.0,1880.0,3.29,0.48,6732.0,198762.0,14.84,12.12,7.49,6.39,91.46,257.56,10401.0,1260.0,779.0,,,,,,18.14,15.32,,,,14120.0,2561.0,2163.0
004170,신세계,유통_백화점,2026-04-24 18:01,2025.12,2026.12,2025.12,2026.03,171.49,0.49,1440.0,508154.0,0.32,6.93,0.93,2.11,327.13,140.91,69295.0,4800.0,646.0,14.41,0.72,26691.0,532632.0,5.55,8.69,4.64,,,,71276.0,6192.0,3304.0,171.49,0.49,-7935.0,508154.0,0.32,8.92,-3.57,2.11,-59.57,140.91,19337.0,1725.0,-691.0,49.5,,7767.0,,,9.11,5.42,,,,18036.0,1642.0,977.0
069960,현대백화점,유통_백화점,2026-04-24 18:01,2025.12,2026.12,2025.12,2026.03,9.65,0.42,9177.0,210969.0,4.64,8.93,3.35,2.43,22.2,78.26,42303.0,3779.0,1415.0,8.18,0.4,11511.0,233352.0,5.43,9.42,6.12,,,,43227.0,4073.0,2647.0,9.65,0.42,2183.0,210969.0,4.64,10.17,-4.7,1.86,71.5,78.26,10417.0,1059.0,-489.0,29.46,,3197.0,,,9.75,7.97,,,,10247.0,999.0,816.0
023530,롯데쇼핑,유통_백화점,2026-04-24 18:01,2025.12,2026.12,2025.12,2026.03,39.78,0.13,1822.0,537130.0,0.34,3.98,0.53,5.52,219.34,124.77,137384.0,5470.0,736.0,12.39,0.22,9830.0,543105.0,1.82,4.87,2.04,,,,142636.0,6948.0,2905.0,39.78,0.13,3972.0,537130.0,0.34,6.46,3.25,3.86,70.45,124.77,35218.0,2277.0,1145.0,46.98,,2592.0,,,5.76,2.29,,,,36011.0,2076.0,826.0
139480,이마트,편의점_마트,2026-04-24 18:01,2025.12,2026.12,2025.12,2026.03,16.52,0.2,4921.0,410591.0,1.27,1.11,0.85,3.08,49.17,144.61,289704.0,3225.0,2463.0,11.96,0.25,8647.0,413938.0,2.16,1.94,1.0,,,,296295.0,5758.0,2961.0,16.52,0.2,-5371.0,410591.0,1.27,-0.14,-1.59,3.08,-45.18,144.61,73117.0,-99.0,-1163.0,32.71,,3161.0,,,2.4,1.3,,,,73621.0,1764.0,956.0
282330,BGF리테일,편의점_마트,2026-04-24 18:01,2025.12,2026.12,2025.12,2026.03,9.28,1.38,11297.0,76009.0,15.64,2.8,2.15,3.91,36.27,170.83,90612.0,2539.0,1953.0,10.66,1.59,12518.0,84000.0,15.65,2.99,2.3,,,,93908.0,2803.0,2164.0,9.28,1.38,2881.0,76009.0,15.64,2.8,2.17,3.91,142.26,170.83,22924.0,643.0,498.0,115.86,,1151.0,,,1.4,1.02,,,,20894.0,292.0,213.0
007070,GS리테일,편의점_마트,2026-04-24 18:01,2025.12,2026.12,2025.12,2026.03,38.69,0.51,519.0,39303.0,1.34,2.44,0.42,2.98,115.44,128.41,119574.0,2921.0,502.0,10.39,0.58,2271.0,40828.0,5.67,2.66,1.52,,,,123505.0,3289.0,1880.0,38.69,0.51,-874.0,39303.0,1.34,1.76,-1.95,2.98,-68.6,128.41,30260.0,533.0,-591.0,87.89,,269.0,,,1.83,0.84,,,,28483.0,522.0,239.0
097950,CJ제일제당,식품,2026-04-24 18:01,2025.12,2026.12,2025.12,2026.03,-5.96,0.47,-34884.0,440524.0,-7.67,4.51,-1.52,2.88,-16.84,157.5,273426.0,12336.0,-4170.0,10.36,0.52,22916.0,453367.0,5.24,4.61,1.81,,,,283097.0,13044.0,5138.0,-6.0,0.47,-50094.0,440524.0,-7.61,3.75,-14.64,0.72,-2.94,157.5,54574.0,2048.0,-7987.0,67.4,,3524.0,,,3.89,1.23,,,,68947.0,2682.0,847.0
007310,오뚜기,식품,2026-04-24 18:01,2025.12,2026.12,2025.12,2026.03,22.29,0.64,17271.0,603102.0,3.35,4.82,1.96,2.34,44.72,65.29,36745.0,1773.0,721.0,,,,,,,,,,,,,,22.29,0.64,-6741.0,603102.0,3.35,2.15,-3.04,2.34,-114.57,65.29,8962.0,193.0,-272.0,,,,,,,,,,,,,
004370,농심,식품,2026-04-24 18:01,2025.12,2026.12,2025.12,2026.03,15.46,0.88,27970.0,489519.0,6.18,5.23,4.84,1.39,20.58,35.0,35143.0,1839.0,1701.0,12.22,0.73,30725.0,515449.0,6.43,5.65,5.12,,,,36531.0,2064.0,1869.0,15.46,0.88,5072.0,489519.0,6.18,3.78,3.5,1.39,113.47,35.0,8824.0,334.0,309.0,44.31,,8475.0,,,6.49,6.0,,,,9260.0,601.0,556.0
000080,하이트진로,음료_주류,2026-04-24 18:01,2025.12,2026.12,2025.12,2026.03,31.67,1.15,582.0,16066.0,3.69,6.9,1.65,3.8,117.86,186.53,24986.0,1723.0,411.0,12.68,1.03,1349.0,16642.0,8.43,7.79,3.81,,,,25229.0,1966.0,961.0,31.67,1.15,-893.0,16066.0,3.69,-1.62,-11.19,3.8,-76.87,186.53,5697.0,-92.0,-637.0,38.88,,440.0,,,9.35,5.18,,,,6084.0,569.0,315.0
005300,롯데칠성,음료_주류,2026-04-24 18:01,2025.12,2026.12,2025.12,2026.03,29.64,0.92,4697.0,151359.0,3.13,4.21,1.29,2.44,72.39,167.74,39711.0,1672.0,512.0,11.81,0.78,10411.0,157055.0,6.75,5.0,2.62,,,,41003.0,2051.0,1073.0,29.64,0.92,-4373.0,151359.0,3.13,-1.35,-4.91,2.44,-77.76,167.74,8943.0,-120.0,-439.0,84.2,,1461.0,,,3.89,1.8,,,,9467.0,368.0,170.0
271560,오리온,음료_주류,2026-04-24 18:01,2025.12,2026.12,2025.12,2026.03,10.92,1.1,9680.0,96352.0,10.51,16.75,11.72,3.31,36.15,17.55,33324.0,5583.0,3906.0,11.97,1.39,12158.0,104461.0,12.11,17.66,13.31,,,,36709.0,6483.0,4888.0,10.92,1.1,2678.0,96352.0,10.51,18.12,11.66,3.31,130.67,17.55,9246.0,1676.0,1078.0,46.87,,3104.0,,,17.51,13.59,,,,9103.0,1594.0,1237.0
020000,한섬,의류_패션,2026-04-24 18:01,2025.12,2026.12,2025.12,2026.03,7.76,0.24,2061.0,66913.0,3.25,3.5,3.1,4.69,34.83,20.72,14918.0,522.0,462.0,7.86,0.35,3201.0,72783.0,4.76,5.56,4.39,,,,15786.0,877.0,694.0,7.76,0.24,1052.0,66913.0,3.25,5.86,5.09,4.69,68.21,20.72,4637.0,272.0,236.0,20.51,,1226.0,,,8.34,,,,,4068.0,339.0,
383220,F&F,의류_패션,2026-04-24 18:01,2025.12,2026.12,2025.12,2026.03,6.58,1.37,10404.0,50123.0,23.16,24.23,20.72,3.94,25.31,41.13,19340.0,4686.0,4007.0,6.35,1.15,10579.0,58209.0,19.96,24.89,19.95,,,,20329.0,5061.0,4055.0,6.58,1.37,4034.0,50123.0,23.16,23.1,26.91,3.94,64.94,41.13,5753.0,1329.0,1548.0,27.46,,2447.0,,,25.47,20.24,,,,5292.0,1348.0,1071.0
093050,LF,의류_패션,2026-04-24 18:01,2025.12,2026.12,2025.12,2026.03,5.39,0.3,3382.0,61158.0,6.18,8.93,6.24,3.84,18.71,63.89,18824.0,1681.0,1175.0,5.06,0.37,5000.0,69051.0,8.46,8.96,6.79,,,,18563.0,1664.0,1261.0,5.39,0.3,1000.0,61158.0,6.18,12.98,6.21,3.84,63.31,63.89,5978.0,776.0,371.0,35.91,,705.0,,,7.08,,,,,4252.0,301.0,
090430,아모레퍼시픽,화장품,2026-04-24 18:01,2025.12,2026.12,2025.12,2026.03,35.01,1.51,3413.0,78989.0,4.41,7.9,5.82,1.04,36.28,26.49,42528.0,3358.0,2473.0,26.04,1.6,5077.0,82835.0,6.28,9.92,7.83,,,,45472.0,4512.0,3561.0,35.01,1.51,335.0,78989.0,4.41,4.52,1.93,1.04,370.13,26.49,11634.0,525.0,225.0,92.25,,1433.0,,,11.05,9.14,,,,11271.0,1245.0,1030.0
051900,LG생활건강,화장품,2026-04-24 18:01,2025.12,2026.12,2025.12,2026.03,-45.44,0.79,-5688.0,325224.0,-1.82,2.69,-1.35,0.77,-33.58,23.32,63555.0,1707.0,-858.0,33.18,0.75,7444.0,330257.0,2.36,4.41,2.37,,,,63569.0,2803.0,1504.0,-45.44,0.79,-14463.0,325224.0,-1.82,-4.94,-17.06,0.39,-6.7,23.32,14728.0,-727.0,-2512.0,135.78,,1819.0,,,3.22,2.78,,,,15903.0,512.0,442.0
192820,코스맥스,화장품,2026-04-24 18:01,2025.12,2026.12,2025.12,2026.03,15.03,3.31,10843.0,49196.0,23.86,8.16,5.46,2.02,30.42,247.1,23988.0,1958.0,1311.0,17.44,3.72,12527.0,58683.0,23.23,8.53,5.29,,,,27095.0,2312.0,1435.0,15.03,3.31,7494.0,49196.0,23.86,6.81,14.63,2.02,44.02,247.1,6010.0,409.0,879.0,89.38,,2445.0,,,8.29,3.13,,,,6616.0,549.0,207.0
051500,CJ프레시웨이,외식_급식,2026-04-24 18:01,2025.12,2026.12,2025.12,2026.03,6.34,0.7,4221.0,38342.0,11.51,2.92,1.44,1.87,11.85,249.12,34811.0,1017.0,501.0,5.27,0.64,5159.0,42496.0,12.77,2.91,1.65,,,,37546.0,1093.0,620.0,6.34,0.7,863.0,38342.0,11.51,3.34,1.14,1.87,57.91,249.12,8980.0,300.0,102.0,87.27,,312.0,,,1.3,0.2,,,,8354.0,109.0,16.0
031440,신세계푸드,외식_급식,2026-04-24 18:01,2025.12,2026.12,2025.12,2026.03,2.4,0.52,19939.0,92431.0,23.71,0.39,6.26,1.88,4.21,127.3,12332.0,48.0,772.0,,,,,,,,,,,,,,2.4,0.52,13133.0,92431.0,23.71,-1.99,16.21,1.88,6.4,127.3,3138.0,-62.0,509.0,,,,,,,,,,,,,
017810,풀무원,외식_급식,2026-04-24 18:01,2025.12,2026.12,2025.12,2026.03,27.26,1.54,475.0,8405.0,5.9,2.76,0.45,0.79,20.8,280.13,33802.0,932.0,152.0,10.51,1.87,1154.0,6492.0,16.01,3.41,1.23,,,,35598.0,1214.0,438.0,27.26,1.54,127.0,8405.0,5.9,2.82,0.54,0.79,77.88,280.13,8592.0,243.0,47.0,,,,,,2.27,0.18,,,,8382.0,190.0,15.0
044960,이글벳,동물의약_사료,2026-04-24 18:01,2025.12,2026.12,2025.12,2026.03,13.41,0.99,312.0,4229.0,7.85,9.83,9.11,1.91,24.89,23.25,433.0,43.0,39.0,,,,,,,,,,,,,,13.41,0.99,105.0,4229.0,7.85,9.74,11.91,1.91,74.25,23.25,111.0,11.0,13.0,,,,,,,,,,,,,
215380,우진비앤지,동물의약_사료,2026-04-24 18:01,2025.12,2026.12,2025.12,2026.03,-5.34,1.26,-330.0,1402.0,-21.03,-10.39,-14.76,,,271.27,376.0,-39.0,-55.0,,,,,,,,,,,,,,-5.34,1.26,-78.0,1402.0,-21.03,-0.11,-10.54,,,271.27,124.0,-0.0,-13.0,,,,,,,,,,,,,
054670,대한뉴팜,동물의약_사료,2026-04-24 18:01,2025.12,2026.12,2025.12,2026.03,6.18,0.66,1063.0,9971.0,11.5,5.79,7.54,1.52,9.2,93.77,2024.0,117.0,153.0,,,,,,,,,,,,,,6.18,0.66,492.0,9971.0,11.5,4.52,13.64,1.52,19.87,93.77,518.0,23.0,71.0,,,,,,,,,,,,,
304100,솔트룩스,AI_소프트웨어,2026-04-24 18:01,2025.12,2026.12,2025.12,2026.03,-30.11,4.76,-885.0,5600.0,-15.27,-19.32,-28.82,,,44.38,416.0,-80.0,-120.0,,,,,,,,,,,,,,-30.11,4.76,25.0,5600.0,-15.27,19.34,0.31,,,44.38,197.0,38.0,1.0,,,,,,,,,,,,,
108860,셀바스AI,AI_소프트웨어,2026-04-24 18:01,2025.12,2026.12,2025.12,2026.03,-54.7,2.98,-223.0,4090.0,-5.2,1.29,-3.78,,,18.16,1148.0,15.0,-43.0,,,,,,,,,,,,,,-54.7,2.98,-138.0,4090.0,-5.2,2.27,-7.23,,,18.16,345.0,8.0,-25.0,,,,,,,,,,,,,
064480,브리지텍,AI_소프트웨어,2026-04-24 18:01,2025.12,2026.12,2025.12,2026.03,108.93,1.16,43.0,4027.0,1.1,0.63,1.03,2.57,271.15,33.16,497.0,3.0,5.0,,,,,,,,,,,,,,108.93,1.16,167.0,4027.0,1.1,13.95,13.97,2.57,69.86,33.16,143.0,20.0,20.0,,,,,,,,,,,,,
277810,레인보우로보틱스,로봇,2026-04-24 18:01,2025.12,2026.12,2025.12,2026.03,6421.11,68.2,73.0,6899.0,1.07,-7.27,4.17,,,7.08,341.0,-25.0,14.0,,,,,,,,,,,,,,6421.11,68.2,140.0,6899.0,1.07,13.06,20.79,,,7.08,130.0,17.0,27.0,,,,,,,,,,,,,
454910,두산로보틱스,로봇,2026-04-24 18:01,2025.12,2026.12,2025.12,2026.03,-91.11,14.5,-856.0,5378.0,-14.78,-180.34,-168.28,,,14.57,330.0,-595.0,-555.0,,,,,,,,,,,,,,-91.11,14.5,-257.0,5378.0,-14.78,-126.52,-128.09,,,14.57,130.0,-164.0,-167.0,,,,,,,,,,,,,
389500,에스비비테크,로봇,2026-04-24 18:01,2025.12,2026.12,2025.12,2026.03,-24.05,18.31,-1503.0,1974.0,-76.71,-95.33,-131.32,,,157.78,72.0,-69.0,-95.0,-195.6,92.04,-332.0,706.0,-25.57,-22.38,-20.95,,,,105.0,-24.0,-22.0,-24.05,18.31,-515.0,1974.0,-76.71,-41.48,-150.1,,,157.78,22.0,-9.0,-33.0,-4233.15,,-15.0,,,-20.0,-5.0,,,,20.0,-4.0,-1.0
034020,두산에너빌리티,원자력,2026-04-24 18:01,2025.12,2026.12,2025.12,2026.03,569.06,6.19,132.0,12156.0,1.11,4.47,1.2,,,129.1,170579.0,7627.0,2052.0,239.82,9.65,511.0,12706.0,4.12,6.19,3.0,,,,176534.0,10935.0,5287.0,569.06,6.19,114.0,12156.0,1.11,4.36,1.08,,,129.1,48599.0,2121.0,525.0,1217.19,,101.0,,,4.83,2.06,,,,40749.0,1970.0,840.0
052690,한전기술,원자력,2026-04-24 18:01,2025.12,2026.12,2025.12,2026.03,40.29,5.48,2234.0,16428.0,14.2,6.83,16.46,1.5,60.03,41.7,5188.0,355.0,854.0,116.6,11.21,1623.0,16871.0,9.79,10.44,9.4,,,,6190.0,646.0,582.0,40.29,5.48,206.0,16428.0,14.2,12.86,3.83,1.5,650.75,41.7,2055.0,264.0,79.0,-3668.01,,-52.0,,,6.25,7.43,,,,1210.0,76.0,90.0
032820,우리기술,원자력,2026-04-24 18:01,2025.12,2026.12,2025.12,2026.03,758.69,4.82,5.0,755.0,0.67,-6.3,-4.71,,,172.08,871.0,-55.0,-41.0,,,,,,,,,,,,,,758.69,4.82,-92.0,755.0,0.67,-4.75,-62.38,,,172.08,248.0,-12.0,-155.0,,,,,,,,,,,,,
012450,한화에어로스페이스,방산,2026-04-24 18:01,2025.12,2026.12,2025.12,2026.03,32.93,5.0,28573.0,188244.0,19.14,11.57,8.25,0.74,25.63,221.38,267029.0,30893.0,22020.0,31.13,6.16,45775.0,231436.0,21.86,14.05,10.6,,,,305238.0,42887.0,32355.0,32.93,5.0,12266.0,188244.0,19.14,9.59,11.8,0.74,56.94,221.38,84212.0,8076.0,9940.0,169.16,,8424.0,,,12.48,7.45,,,,62955.0,7854.0,4692.0
079550,LIG넥스원,방산,2026-04-24 18:01,2025.12,2026.12,2025.12,2026.03,36.56,6.43,11516.0,65465.0,19.2,7.42,5.51,0.7,25.44,446.35,43069.0,3194.0,2375.0,56.7,12.26,17036.0,78792.0,23.79,8.83,7.08,,,,50548.0,4463.0,3577.0,36.56,6.43,211.0,65465.0,19.2,2.75,-0.01,0.7,1390.55,446.35,14048.0,387.0,-1.0,215.87,,4475.0,,,10.77,6.83,,,,10964.0,1180.0,749.0
064350,현대로템,방산,2026-04-24 18:01,2025.12,2026.12,2025.12,2026.03,26.64,6.66,7055.0,28211.0,30.05,17.22,13.2,0.32,8.51,206.39,58390.0,10056.0,7705.0,27.51,6.52,8562.0,36131.0,26.61,17.18,13.6,,,,68813.0,11820.0,9361.0,26.64,6.66,2038.0,28211.0,30.05,16.45,13.87,0.32,29.44,206.39,16256.0,2675.0,2254.0,147.93,,1592.0,,,15.75,11.49,,,,14006.0,2206.0,1610.0
047810,한국항공우주,항공우주,2026-04-24 18:01,2025.12,2026.12,2025.12,2026.03,59.99,6.09,1907.0,18776.0,10.51,7.28,5.07,0.44,26.22,446.57,36964.0,2692.0,1873.0,48.69,8.29,3748.0,22027.0,18.37,8.66,6.53,,,,56583.0,4902.0,3695.0,59.99,6.09,622.0,18776.0,10.51,5.25,4.23,0.44,80.39,446.57,14667.0,770.0,621.0,317.45,,575.0,,,7.33,6.49,,,,10732.0,787.0,696.0
272210,한화시스템,항공우주,2026-04-24 18:01,2025.12,2026.12,2025.12,2026.03,42.43,2.1,1282.0,25933.0,6.6,3.27,5.71,0.92,38.6,106.5,36642.0,1199.0,2091.0,79.76,4.79,1631.0,27144.0,6.21,7.17,6.76,,,,44648.0,3202.0,3018.0,42.43,2.1,63.0,25933.0,6.6,0.41,-2.19,0.92,791.4,106.5,13981.0,58.0,-306.0,323.68,,402.0,,,7.04,5.82,,,,8272.0,582.0,481.0
099320,쎄트렉아이,항공우주,2026-04-24 18:01,2025.12,2026.12,2025.12,2026.03,49.13,3.02,1396.0,22735.0,6.31,4.92,6.81,0.15,7.16,73.42,2069.0,102.0,141.0,100.48,7.21,1756.0,24467.0,7.44,7.42,6.96,,,,2475.0,184.0,172.0,49.13,3.02,715.0,22735.0,6.31,5.5,10.53,0.15,13.99,73.42,720.0,40.0,76.0,666.14,,265.0,,,5.63,3.1,,,,516.0,29.0,16.0
009830,한화솔루션,태양광,2026-04-24 18:01,2025.12,2026.12,2025.12,2026.03,-7.19,0.51,-3728.0,52947.0,-7.01,-2.74,-4.61,1.86,-3.68,196.32,133331.0,-3648.0,-6153.0,109.8,0.83,426.0,56700.0,0.79,4.16,0.49,,,,160632.0,6677.0,781.0,-7.19,0.51,-2249.0,52947.0,-7.01,-13.04,-10.94,1.86,-29.02,196.32,37570.0,-4897.0,-4112.0,-112.54,,-416.0,,,0.31,-0.65,,,,36909.0,115.0,-241.0
010060,OCI홀딩스,태양광,2026-04-24 18:01,2025.12,2026.12,2025.12,2026.03,-24.14,0.55,-4772.0,210598.0,-2.27,-1.7,-4.33,0.87,-20.77,66.35,33801.0,-576.0,-1462.0,24.72,1.45,13027.0,221386.0,6.04,9.49,7.05,,,,40550.0,3847.0,2859.0,-24.14,0.55,1353.0,210598.0,-2.27,3.37,3.03,0.87,73.59,66.35,8106.0,273.0,245.0,250.76,,1067.0,,,4.72,2.74,,,,9291.0,438.0,254.0
011930,신성이엔지,태양광,2026-04-24 18:01,2025.12,2026.12,2025.12,2026.03,-46.77,1.39,-34.0,1147.0,-2.97,0.23,-1.44,,,157.46,5675.0,13.0,-82.0,38.97,3.03,102.0,1318.0,8.41,3.57,3.0,,,,6995.0,250.0,210.0,-46.77,1.39,15.0,1147.0,-2.97,1.91,1.47,,,157.46,1526.0,29.0,22.0,205.59,,19.0,,,2.44,,,,,1678.0,41.0,
112610,씨에스윈드,풍력,2026-04-24 18:01,2025.12,2026.12,2025.12,2026.03,50.55,1.5,823.0,27826.0,3.02,10.93,1.37,2.4,119.41,167.68,29316.0,3203.0,401.0,15.38,2.18,4474.0,31535.0,15.34,10.55,6.59,,,,29133.0,3074.0,1921.0,50.55,1.5,-3657.0,27826.0,3.02,8.96,-19.44,2.4,-26.87,167.68,7827.0,702.0,-1522.0,64.39,,1068.0,,,10.42,5.49,,,,7210.0,751.0,396.0
100130,동국S&C,풍력,2026-04-24 18:01,2025.12,2026.12,2025.12,2026.03,-69.77,0.61,-29.0,3331.0,-0.9,5.8,-1.4,,,38.08,1197.0,69.0,-17.0,,,,,,,,,,,,,,-69.77,0.61,-33.0,3331.0,-0.9,-33.82,-19.95,,,38.08,95.0,-32.0,-19.0,,,,,,,,,,,,,
018000,유니슨,풍력,2026-04-24 18:01,2025.12,2026.12,2025.12,2026.03,-11.21,2.78,-107.0,431.0,-24.28,-23.67,-51.85,,,141.94,403.0,-95.0,-209.0,,,,,,,,,,,,,,-11.21,2.78,-21.0,431.0,-24.28,-71.85,-102.05,,,141.94,46.0,-33.0,-46.0,,,,,,,,,,,,,
336260,두산퓨얼셀,수소_연료전지,2026-04-24 18:01,2025.12,2026.12,2025.12,2026.03,-17.78,6.42,-1623.0,4491.0,-30.66,-23.23,-29.2,,,226.12,4548.0,-1057.0,-1328.0,-89.72,12.07,-532.0,3953.0,-12.6,-7.11,-8.18,,,,5312.0,-378.0,-435.0,-17.78,6.42,-1254.0,4491.0,-30.66,-56.42,-75.58,,,226.12,1358.0,-766.0,-1026.0,-214.5,,-222.0,,,-18.67,-17.99,,,,1110.0,-207.0,-200.0
298050,효성첨단소재,수소_연료전지,2026-04-24 18:01,2025.12,2026.12,2025.12,2026.03,-37.6,1.0,-4830.0,180761.0,-2.34,4.79,0.48,1.38,-51.62,372.28,32830.0,1574.0,157.0,17.46,1.03,13489.0,228175.0,6.6,5.83,2.43,,,,33529.0,1953.0,815.0,-37.6,1.0,-203.0,180761.0,-2.34,3.85,0.97,1.38,-1229.18,372.28,7855.0,303.0,76.0,172.96,,1362.0,,,4.01,1.05,,,,7988.0,320.0,84.0
089980,상아프론테크,수소_연료전지,2026-04-24 18:01,2025.12,2026.12,2025.12,2026.03,36.73,1.19,422.0,13041.0,3.34,3.43,3.45,1.29,46.16,86.93,1960.0,67.0,68.0,63.96,2.11,425.0,12912.0,3.36,4.77,2.95,,,,2308.0,110.0,68.0,36.73,1.19,192.0,13041.0,3.34,3.19,5.07,1.29,101.57,86.93,606.0,19.0,31.0,,,,,,,,,,,,,
003490,대한항공,항공사,2026-04-24 18:01,2025.12,2026.12,2025.12,2026.03,10.68,0.76,2111.0,29659.0,7.28,4.42,2.57,3.33,35.53,339.88,252255.0,11136.0,6473.0,49.78,0.84,498.0,29368.0,1.69,2.78,0.58,,,,271173.0,7544.0,1585.0,10.68,0.76,350.0,29659.0,7.28,2.38,0.28,3.33,214.08,339.88,64961.0,1549.0,183.0,72.7,,341.0,,,6.42,,,,,64244.0,4126.0,
089590,제주항공,항공사,2026-04-24 18:01,2025.12,2026.12,2025.12,2026.03,-3.75,1.58,-1443.0,3415.0,-38.85,-7.07,-7.37,,,754.43,15799.0,-1117.0,-1164.0,-16.04,1.8,-335.0,2991.0,-10.46,0.2,-1.44,,,,18697.0,37.0,-270.0,-3.75,1.58,-168.0,3415.0,-38.85,3.75,-2.86,,,754.43,4746.0,178.0,-136.0,22.44,,239.0,,,9.63,,,,,5160.0,497.0,
272450,진에어,항공사,2026-04-24 18:01,2025.12,2026.12,2025.12,2026.03,-37.08,1.59,-187.0,4355.0,-4.28,-1.39,-0.71,,,423.17,13811.0,-192.0,-98.0,13.47,1.38,479.0,4657.0,10.77,3.2,1.65,,,,15165.0,485.0,250.0,-37.08,1.59,-234.0,4355.0,-4.28,-3.58,-3.46,,,423.17,3528.0,-126.0,-122.0,11.61,,556.0,,,10.0,7.07,,,,4100.0,410.0,290.0
011200,HMM,해운,2026-04-24 18:01,2025.12,2026.12,2025.12,2026.03,10.49,0.73,1955.0,28168.0,6.9,13.42,17.25,3.41,35.15,26.31,108914.0,14612.0,18787.0,15.79,0.71,1314.0,29378.0,4.57,9.04,11.96,,,,103662.0,9366.0,12401.0,10.49,0.73,386.0,28168.0,6.9,11.72,13.44,3.41,181.39,26.31,27076.0,3173.0,3639.0,56.11,,370.0,,,10.71,9.13,,,,25846.0,2768.0,2360.0
028670,팬오션,해운,2026-04-24 18:01,2025.12,2026.12,2025.12,2026.03,6.83,0.36,564.0,10707.0,5.3,9.05,5.55,3.9,26.6,89.63,54329.0,4919.0,3014.0,8.4,0.5,675.0,11355.0,6.12,9.25,6.17,,,,58498.0,5412.0,3608.0,6.83,0.36,91.0,10707.0,5.3,8.83,3.3,3.9,164.76,89.63,14763.0,1304.0,487.0,37.1,,153.0,,,9.09,5.53,,,,14551.0,1322.0,805.0
005880,대한해운,해운,2026-04-24 18:01,2025.12,2026.12,2025.12,2026.03,3.14,0.26,559.0,6684.0,8.63,16.22,13.57,,,70.18,12770.0,2072.0,1733.0,5.65,0.37,467.0,7135.0,6.75,17.32,10.86,,,,13499.0,2338.0,1466.0,3.14,0.26,59.0,6684.0,8.63,17.19,6.31,,,70.18,2962.0,509.0,187.0,19.78,,133.0,,,16.09,,,,,3402.0,548.0,
008770,호텔신라,여행_호텔,2026-04-24 18:01,2025.12,2026.12,2025.12,2026.03,-10.32,1.53,-4321.0,29223.0,-14.46,0.33,-4.25,0.31,8.85,220.14,40683.0,135.0,-1728.0,25.0,1.79,2268.0,31732.0,7.86,3.34,2.33,,,,38879.0,1297.0,908.0,-10.32,1.53,-416.0,29223.0,-14.46,-0.39,-1.59,,,220.14,10454.0,-41.0,-166.0,-504.0,,-112.0,,,0.19,-0.32,,,,10379.0,20.0,-33.0
039130,하나투어,여행_호텔,2026-04-24 18:01,2025.12,2026.12,2025.12,2026.03,23.95,4.96,2036.0,9827.0,19.79,9.82,8.19,2.46,56.48,293.44,5869.0,576.0,481.0,11.63,3.08,3616.0,13654.0,32.21,10.33,11.68,,,,6605.0,682.0,772.0,23.95,4.96,261.0,9827.0,19.79,15.65,7.66,2.46,445.96,293.44,1752.0,274.0,134.0,39.88,,1054.0,,,9.29,10.19,,,,1858.0,172.0,189.0
080160,모두투어,여행_호텔,2026-04-24 18:01,2025.12,2026.12,2025.12,2026.03,13.29,2.01,767.0,5081.0,17.71,3.54,6.88,2.58,39.86,150.28,2104.0,74.0,145.0,15.2,2.02,757.0,5683.0,14.3,6.66,6.15,,,,2357.0,157.0,145.0,13.29,2.01,131.0,5081.0,17.71,0.36,3.62,2.58,79.71,150.28,678.0,2.0,25.0,,,,,,6.15,6.15,,,,650.0,40.0,40.0
267270,HD건설기계,기계_건설장비,2026-04-24 18:01,2025.12,2026.12,2025.12,2026.03,17.53,0.95,5613.0,104002.0,5.74,4.52,2.31,0.56,26.5,86.64,37765.0,1709.0,870.0,18.91,1.89,9801.0,98199.0,14.45,6.99,4.92,,,,89333.0,6248.0,4395.0,17.53,0.95,1284.0,104002.0,5.74,3.52,1.95,0.56,118.14,86.64,9473.0,334.0,185.0,91.94,,2015.0,,,6.53,4.48,,,,21946.0,1432.0,983.0
241560,두산밥캣,기계_건설장비,2026-04-24 18:01,2025.12,2026.12,2025.12,2026.03,13.85,0.77,4168.0,75131.0,5.71,7.8,4.58,2.95,40.45,70.77,87919.0,6861.0,4023.0,13.88,0.93,5316.0,79065.0,6.9,7.95,5.54,,,,92031.0,7320.0,5095.0,13.69,0.77,890.0,75131.0,5.78,6.24,3.59,0.87,56.09,70.77,23772.0,1483.0,854.0,63.88,,1155.0,,,7.04,4.84,,,,22339.0,1572.0,1082.0
017550,수산중공업,기계_건설장비,2026-04-24 18:01,2025.12,2026.12,2025.12,2026.03,6.48,0.51,254.0,3199.0,8.21,8.27,6.91,0.61,3.94,34.29,2294.0,190.0,158.0,,,,,,,,,,,,,,6.48,0.51,102.0,3199.0,8.21,8.58,8.87,0.61,9.78,34.29,719.0,62.0,64.0,,,,,,,,,,,,,
011070,LG이노텍,전자부품,2026-04-24 18:01,2025.12,2026.12,2025.12,2026.03,18.79,1.11,14419.0,243532.0,6.14,3.04,1.56,0.69,13.04,107.02,218966.0,6650.0,3413.0,19.08,1.87,26206.0,268034.0,10.25,4.02,2.63,,,,235393.0,9472.0,6202.0,18.79,1.11,5744.0,243532.0,6.14,4.27,1.79,0.69,32.73,107.02,76098.0,3248.0,1359.0,81.2,,6157.0,,,3.86,2.54,,,,54391.0,2102.0,1379.0
009150,삼성전기,전자부품,2026-04-24 18:01,2025.12,2026.12,2025.12,2026.03,28.02,2.02,9099.0,126302.0,7.7,8.07,6.46,0.92,25.16,48.98,113145.0,9133.0,7310.0,52.75,5.54,14673.0,139732.0,11.33,11.07,9.07,,,,129160.0,14305.0,11719.0,28.02,2.02,2871.0,126302.0,7.7,8.25,7.83,0.92,79.74,48.98,29021.0,2395.0,2273.0,275.76,,2807.0,,,8.86,7.55,,,,30873.0,2734.0,2331.0
353200,대덕전자,전자부품,2026-04-24 18:01,2025.12,2026.12,2025.12,2026.03,50.97,2.7,924.0,17419.0,5.37,4.61,4.47,1.06,54.13,31.28,10653.0,491.0,476.0,31.33,4.91,3157.0,20133.0,16.81,13.31,11.18,,,,14548.0,1936.0,1626.0,50.97,2.7,497.0,17419.0,5.37,9.11,8.06,1.06,100.58,31.28,3179.0,289.0,256.0,140.27,,705.0,,,13.07,11.0,,,,3337.0,436.0,367.0
034220,LG디스플레이,디스플레이,2026-04-24 18:01,2025.12,2026.12,2025.12,2026.03,26.09,0.89,453.0,13208.0,3.44,2.0,1.18,,,243.36,258101.0,5170.0,3038.0,9.19,0.85,1442.0,15529.0,10.04,4.95,2.75,,,,263571.0,13046.0,7246.0,26.09,0.89,-712.0,13208.0,3.44,2.34,-4.88,,,243.36,72008.0,1685.0,-3512.0,153.3,,94.0,,,2.57,0.09,,,,58254.0,1495.0,50.0
213420,덕산네오룩스,디스플레이,2026-04-24 18:01,2025.12,2026.12,2025.12,2026.03,17.04,1.98,2142.0,18395.0,12.5,17.64,15.67,,,51.8,3443.0,607.0,540.0,17.29,2.39,2949.0,21341.0,15.0,20.05,17.55,,,,4346.0,872.0,763.0,17.04,1.98,898.0,18395.0,12.5,18.14,17.86,,,51.8,1271.0,231.0,227.0,109.17,,467.0,,,19.45,17.97,,,,787.0,153.0,142.0
272290,이녹스첨단소재,디스플레이,2026-04-24 18:01,2025.12,2026.12,2025.12,2026.03,7.92,1.09,2871.0,20895.0,13.55,18.63,12.73,1.54,11.6,108.29,4396.0,819.0,559.0,12.2,1.24,2836.0,28012.0,12.28,14.59,10.82,,,,5076.0,740.0,549.0,7.92,1.09,368.0,20895.0,13.55,12.38,5.43,1.54,90.6,108.29,1024.0,127.0,56.0,,,,,,18.48,8.76,,,,1039.0,192.0,91.0
028260,삼성물산,지주사,2026-04-24 18:01,2025.12,2026.12,2025.12,2026.03,16.91,0.79,14165.0,305019.0,6.02,8.08,9.59,1.17,18.79,50.5,407422.0,32927.0,39067.0,20.74,1.15,15431.0,277263.0,5.35,8.84,8.28,,,,444446.0,39286.0,36820.0,16.91,0.79,4592.0,305019.0,6.02,7.59,14.38,1.17,58.21,50.5,108324.0,8223.0,15583.0,72.97,,4385.0,,,8.56,10.38,,,,104506.0,8945.0,10850.0
034730,SK,지주사,2026-04-24 18:01,2025.12,2026.12,2025.12,2026.03,11.73,0.56,21863.0,457231.0,6.35,1.48,2.9,3.12,27.59,149.17,1227033.0,18185.0,35552.0,9.06,0.74,43752.0,534696.0,11.7,4.08,6.05,,,,1253301.0,51160.0,75892.0,11.73,0.56,-30793.0,457231.0,6.35,1.29,-12.19,2.53,-15.91,149.17,302901.0,3917.0,-36923.0,31.16,,12726.0,,,4.02,7.69,,,,311629.0,12516.0,23971.0
003550,LG,지주사,2026-04-24 18:01,2025.12,2026.12,2025.12,2026.03,17.44,0.43,4628.0,186173.0,2.64,12.58,13.79,3.84,64.86,12.03,72525.0,9122.0,10001.0,12.73,0.51,7649.0,189160.0,4.16,20.76,17.84,,,,82478.0,17120.0,14718.0,17.44,0.43,-2308.0,186173.0,2.64,-27.7,-14.84,2.6,-89.28,12.03,15225.0,-4217.0,-2259.0,30.86,,3156.0,,,33.36,34.49,,,,19181.0,6398.0,6615.0
