ticker,name,sector,updated,actual_period,est_period,q_period,q_est_period,per,pbr,eps,bps,roe,op_margin,net_margin,dividend_yield,payout_ratio,debt_ratio,revenue,operating_profit,net_profit,per_est,pbr_est,eps_est,bps_est,roe_est,op_margin_est,net_margin_est,dividend_yield_est,payout_ratio_est,debt_ratio_est,revenue_est,operating_profit_est,net_profit_est,per_q,pbr_q,eps_q,bps_q,roe_q,op_margin_q,net_margin_q,dividend_yield_q,payout_ratio_q,debt_ratio_q,revenue_q,operating_profit_q,net_profit_q,per_q_est,pbr_q_est,eps_q_est,bps_q_est,roe_q_est,op_margin_q_est,net_margin_q_est,dividend_yield_q_est,payout_ratio_q_est,debt_ratio_q_est,revenue_q_est,operating_profit_q_est,net_profit_q_est
005930,삼성전자,반도체_메모리,2026-05-22 05:01,2025.12,2026.12,2025.12,2026.03,18.27,1.87,6564.0,63997.0,10.85,13.07,13.55,1.39,25.1,29.94,3336059.0,436010.0,452068.0,6.45,2.65,42769.0,104321.0,51.43,51.37,41.89,,,,6811040.0,3498882.0,2853213.0,18.27,1.87,2864.0,63997.0,10.85,21.39,20.93,0.47,19.46,29.94,938374.0,200737.0,196417.0,35.15,,5298.0,,,32.54,26.83,,,,1171336.0,381166.0,314258.0
000660,SK하이닉스,반도체_메모리,2026-05-22 05:01,2025.12,2026.12,2026.03,2026.06,11.04,3.73,58955.0,174538.0,44.15,48.59,44.21,0.46,4.88,45.95,971467.0,472063.0,429479.0,5.9,3.7,295733.0,472233.0,94.56,76.11,62.02,,,,3351990.0,2551055.0,2078990.0,7.8,3.39,56066.0,237789.0,61.16,71.54,76.74,0.05,0.66,35.56,525763.0,376103.0,403459.0,25.06,,69623.0,,,76.49,57.05,,,,814413.0,622947.0,464591.0
042700,한미반도체,반도체_메모리,2026-05-22 05:01,2025.12,2026.12,2025.12,2026.03,57.05,17.51,2233.0,7278.0,34.76,43.59,37.11,0.63,35.46,17.82,5767.0,2514.0,2140.0,,,,,,,,,,,,,,57.05,17.51,303.0,7278.0,34.76,33.28,34.76,0.63,262.95,17.82,830.0,276.0,289.0,,,,,,,,,,,,,
240810,원익IPS,반도체_장비,2026-05-22 05:01,2025.12,2026.12,2025.12,2026.03,39.66,3.41,1712.0,19936.0,9.05,8.11,9.24,0.29,11.58,20.06,9098.0,738.0,840.0,31.5,4.8,3552.0,23290.0,16.58,14.66,13.32,,,,13086.0,1918.0,1743.0,39.66,3.41,668.0,19936.0,9.05,6.26,11.93,0.29,29.66,20.06,2750.0,172.0,328.0,1874.26,,62.0,,,1.79,7.18,,,,1756.0,32.0,126.0
036930,주성엔지니어링,반도체_장비,2026-05-22 05:01,2025.12,2026.12,2026.03,2026.06,36.68,2.14,755.0,12922.0,6.17,10.06,11.49,0.19,6.78,50.37,3107.0,313.0,357.0,128.37,12.46,1391.0,14324.0,10.41,19.32,18.48,,,,3508.0,678.0,648.0,422.12,4.73,-25.0,12842.0,1.16,-12.81,-2.17,0.19,-51.57,48.58,549.0,-70.0,-12.0,1349.09,,132.0,,,13.09,10.1,,,,634.0,83.0,64.0
319660,피에스케이,반도체_장비,2026-05-22 05:01,2025.12,2026.12,2025.12,2026.03,13.61,1.98,2712.0,18606.0,15.54,19.36,17.18,1.84,14.64,19.84,4572.0,885.0,785.0,25.46,4.79,4203.0,22320.0,20.54,23.41,20.13,,,,6120.0,1433.0,1232.0,13.61,1.98,668.0,18606.0,15.54,15.35,13.57,1.84,75.33,19.84,1427.0,219.0,194.0,105.8,,983.0,,,24.64,21.96,,,,1307.0,322.0,287.0
005290,동진쎄미켐,반도체_소재,2026-05-22 05:01,2025.12,2026.12,2025.12,2026.03,19.02,1.74,1927.0,21091.0,9.52,14.44,7.88,1.77,33.71,82.11,11941.0,1724.0,941.0,,,,,,,,,,,,,,19.02,1.74,605.0,21091.0,9.52,13.46,9.48,1.77,107.4,82.11,3092.0,416.0,293.0,,,,,,,,,,,,,
357780,솔브레인,반도체_소재,2026-05-22 05:01,2025.12,2026.12,2025.12,2026.03,25.78,1.9,10164.0,137853.0,7.66,14.47,9.1,0.9,22.77,30.15,9234.0,1336.0,840.0,19.69,2.51,19905.0,155900.0,13.76,18.5,14.95,,,,10760.0,1991.0,1608.0,25.78,1.9,1375.0,137853.0,7.66,17.64,4.36,0.9,168.33,30.15,2440.0,430.0,106.0,96.86,,4759.0,,,18.06,,,,,2526.0,456.0,
104830,원익머트리얼즈,반도체_소재,2026-05-22 05:01,2025.12,2026.12,2026.03,2026.06,8.0,0.74,3863.0,41679.0,9.68,17.52,15.1,1.62,12.94,21.37,3225.0,565.0,487.0,9.4,0.95,4656.0,45832.0,10.64,18.79,15.58,,,,3768.0,708.0,587.0,9.88,0.94,1146.0,42403.0,9.97,17.8,16.38,1.62,44.76,24.58,882.0,157.0,144.0,42.11,,1039.0,,,18.58,15.39,,,,910.0,169.0,140.0
067310,하나마이크론,반도체_후공정,2026-05-22 05:01,2025.12,2026.12,2025.12,2026.03,44.79,4.29,575.0,6007.0,9.89,8.32,4.27,0.27,12.19,209.16,15344.0,1277.0,656.0,20.14,5.69,2344.0,8299.0,32.78,14.08,8.8,,,,21620.0,3044.0,1903.0,44.79,4.29,342.0,6007.0,9.89,10.52,8.03,0.27,20.5,209.16,4501.0,473.0,361.0,182.23,,235.0,,,11.35,,,,,4894.0,556.0,
036540,SFA반도체,반도체_후공정,2026-05-22 05:01,2025.12,2026.12,2025.12,2026.03,-39.5,1.59,-116.0,2884.0,-3.93,-5.34,-5.21,,,16.21,3674.0,-196.0,-191.0,67.88,2.58,115.0,3013.0,3.9,4.35,3.66,,,,5147.0,224.0,188.0,-39.5,1.59,-7.0,2884.0,-3.93,-0.49,-0.96,,,16.21,1196.0,-6.0,-12.0,864.44,,10.0,,,2.2,1.41,,,,1138.0,25.0,16.0
033640,네패스,반도체_후공정,2026-05-22 05:01,2025.12,2026.12,2025.12,2026.03,21.69,2.91,719.0,5360.0,14.19,4.56,3.87,,,183.67,5214.0,238.0,202.0,128.78,5.29,230.0,5594.0,4.2,7.36,1.27,,,,5498.0,404.0,70.0,16.57,2.91,-105.0,5360.0,18.57,1.09,-0.45,,,183.67,1237.0,14.0,-6.0,,,,,,,,,,,,,
373220,LG에너지솔루션,2차전지_셀,2026-05-22 05:01,2025.12,2026.12,2025.12,2026.03,-80.38,4.27,-4585.0,86391.0,-5.19,5.69,0.34,,,129.0,236718.0,13461.0,808.0,-317.24,4.56,-1212.0,84311.0,-1.42,3.91,0.94,,,,300704.0,11744.0,2839.0,-80.38,4.27,-3747.0,86391.0,-5.19,-1.99,-12.58,,,129.0,61415.0,-1220.0,-7725.0,-443.41,,-899.0,,,-2.06,-5.69,,,,58399.0,-1205.0,-3323.0
006400,삼성SDI,2차전지_셀,2026-05-22 05:01,2025.12,2026.12,2025.12,2026.03,-32.37,0.99,-8325.0,272486.0,-3.15,-12.98,-4.41,0.4,11.17,79.27,132667.0,-17224.0,-5849.0,108.08,2.0,5274.0,284789.0,1.98,-0.33,3.16,,,,155611.0,-506.0,4925.0,-32.37,0.99,-3945.0,272486.0,-3.15,-7.75,-5.39,0.4,-29.55,79.27,38587.0,-2992.0,-2078.0,-311.45,,-2058.0,,,-7.42,-4.81,,,,34712.0,-2576.0,-1671.0
096770,SK이노베이션,2차전지_셀,2026-05-22 05:01,2025.12,2026.12,2025.12,2026.03,-4.81,0.78,-21056.0,129847.0,-14.42,0.56,-6.77,1.79,-13.17,190.2,802961.0,4487.0,-54364.0,10.2,0.79,11329.0,145940.0,8.32,4.61,2.17,,,,1004927.0,46323.0,21778.0,-4.81,0.78,-13146.0,129847.0,-14.42,1.75,-21.67,1.79,-29.82,190.2,193097.0,3374.0,-41844.0,16.5,,8162.0,,,8.46,5.41,,,,242591.0,20514.0,13118.0
247540,에코프로비엠,2차전지_양극재,2026-05-22 05:01,2025.12,2026.12,2025.12,2026.03,364.17,8.29,403.0,17677.0,2.29,5.66,3.62,0.07,24.85,142.16,25316.0,1433.0,916.0,438.68,10.1,403.0,17499.0,2.29,3.69,1.64,,,,30424.0,1121.0,500.0,364.17,8.29,193.0,17677.0,2.29,8.36,3.67,0.07,51.71,142.16,4970.0,416.0,182.0,-4787.43,,-43.0,,,1.76,-0.42,,,,5556.0,98.0,-23.0
003670,포스코퓨처엠,2차전지_양극재,2026-05-22 05:01,2025.12,2026.12,2025.12,2026.03,485.02,4.09,386.0,45731.0,0.92,1.12,1.24,0.13,68.92,102.65,29387.0,328.0,365.0,958.81,4.82,226.0,44962.0,0.5,2.64,0.68,,,,33670.0,888.0,228.0,485.02,4.09,-264.0,45731.0,0.92,-9.28,-4.18,0.13,-94.61,102.65,5576.0,-518.0,-233.0,2513.77,,100.0,,,0.93,0.72,,,,6215.0,58.0,45.0
066970,엘앤에프,2차전지_양극재,2026-05-22 05:01,2025.12,2026.12,2025.12,2026.03,-6.61,5.45,-14393.0,17482.0,-76.95,-7.28,-24.81,,,363.06,21549.0,-1568.0,-5347.0,-522.49,8.88,-284.0,16728.0,-1.73,6.94,-0.35,,,,32576.0,2262.0,-114.0,-6.61,5.45,-4894.0,17482.0,-76.95,13.35,-31.17,,,363.06,6178.0,825.0,-1926.0,532.96,,372.0,,,9.01,2.24,,,,6734.0,607.0,151.0
121600,나노신소재,2차전지_음극재소재,2026-05-22 05:01,2025.12,2026.12,2025.12,2026.03,373.0,2.41,134.0,20762.0,0.66,4.19,1.46,0.5,183.21,84.11,1117.0,47.0,16.0,87.74,3.01,735.0,21405.0,3.58,8.86,6.2,,,,1468.0,130.0,91.0,373.0,2.41,99.0,20762.0,0.66,5.69,4.21,0.5,246.89,84.11,288.0,16.0,12.0,,,,,,,,,,,,,
014680,한솔케미칼,2차전지_음극재소재,2026-05-22 05:01,2025.12,2026.12,2025.12,2026.03,17.51,2.29,12993.0,99420.0,14.34,17.67,16.76,1.14,19.25,35.94,8840.0,1562.0,1481.0,18.02,2.44,15348.0,113389.0,15.04,18.87,17.49,,,,9977.0,1882.0,1745.0,17.51,2.29,1457.0,99420.0,14.34,7.59,7.87,1.14,171.69,35.94,2224.0,169.0,175.0,77.01,,3714.0,,,20.2,18.42,,,,2336.0,472.0,430.0
078600,대주전자재료,2차전지_음극재소재,2026-05-22 05:01,2025.12,2026.12,2026.03,2026.06,47.58,3.79,1335.0,16760.0,8.6,8.13,8.21,0.16,7.33,155.9,2546.0,207.0,209.0,101.21,7.78,1342.0,17452.0,8.03,10.78,5.81,,,,3626.0,391.0,211.0,193.47,7.51,-247.0,16783.0,4.15,10.15,-3.88,0.16,48.8,162.96,909.0,92.0,-35.0,285.62,,475.0,,,10.36,,,,,920.0,95.0,
361610,SKIET,2차전지_분리막,2026-05-22 05:01,2025.12,2026.12,2025.12,2026.03,-8.95,0.79,-2799.0,31808.0,-8.58,-94.08,-80.73,,,68.82,2619.0,-2464.0,-2114.0,-7.34,0.66,-2614.0,29100.0,-8.58,-122.41,-108.62,,,,1968.0,-2410.0,-2138.0,-8.95,0.79,-1598.0,31808.0,-8.58,-181.19,-312.42,,,68.82,418.0,-758.0,-1307.0,-30.56,,-864.0,,,-166.26,-125.13,,,,427.0,-710.0,-534.0
393890,더블유씨피,2차전지_분리막,2026-05-22 05:01,2025.12,2026.12,2025.12,2026.03,-1.3,0.24,-4789.0,26430.0,-17.4,-115.19,-146.25,,,117.49,1108.0,-1276.0,-1621.0,-6.98,0.6,-2134.0,24929.0,-8.31,-18.73,-31.1,,,,2324.0,-435.0,-723.0,-1.3,0.24,-1615.0,26430.0,-17.4,-147.88,-200.99,,,117.49,272.0,-402.0,-546.0,-23.17,,-717.0,,,-49.49,-54.68,,,,416.0,-206.0,-228.0
006650,대한유화,2차전지_분리막,2026-05-22 05:01,2025.12,2026.12,2025.12,2026.03,29.68,0.49,4878.0,297102.0,1.74,1.57,1.67,0.9,25.32,29.73,33478.0,527.0,559.0,7.46,0.41,17251.0,313698.0,5.95,5.33,4.42,,,,39149.0,2084.0,1730.0,29.68,0.49,-395.0,297102.0,1.74,2.86,0.32,0.9,-312.95,29.73,8495.0,243.0,27.0,44.47,,3585.0,,,7.07,6.86,,,,9608.0,679.0,659.0
348370,엔켐,2차전지_전해질,2026-05-22 05:01,2025.12,2026.12,2025.12,2026.03,-19.95,2.92,-3152.0,21543.0,-14.37,-25.06,-22.56,,,130.25,3128.0,-784.0,-706.0,,,,,,,,,,,,,,-19.95,2.92,-3229.0,21543.0,-14.37,-32.44,-78.66,,,130.25,902.0,-293.0,-710.0,,,,,,,,,,,,,
025900,동화기업,2차전지_전해질,2026-05-22 05:01,2025.12,2026.12,2025.12,2026.03,-9.36,0.48,-905.0,17795.0,-5.43,-1.66,-6.74,,,157.92,8296.0,-138.0,-559.0,-20.53,0.39,-417.0,22103.0,-2.31,-0.5,-2.76,,,,9407.0,-47.0,-260.0,-9.36,0.48,-438.0,17795.0,-5.43,-1.84,-10.73,,,157.92,2207.0,-41.0,-237.0,-53.09,,-214.0,,,-2.15,,,,,2050.0,-44.0,
036830,솔브레인홀딩스,2차전지_전해질,2026-05-22 05:01,2025.12,2026.12,2025.12,2026.03,1.6,0.43,23248.0,86410.0,32.06,1.59,89.03,1.34,2.1,36.52,5566.0,89.0,4956.0,,,,,,,,,,,,,,1.6,0.43,18328.0,86410.0,32.06,-13.08,276.96,1.34,2.66,36.52,1402.0,-184.0,3884.0,,,,,,,,,,,,,
056190,에스에프에이,2차전지_장비,2026-05-22 05:01,2025.12,2026.12,2025.12,2026.03,15.25,0.73,1534.0,32160.0,6.11,5.26,3.19,4.06,48.47,49.77,16310.0,859.0,521.0,13.25,0.82,2116.0,34105.0,8.22,6.71,4.87,,,,16622.0,1116.0,810.0,15.25,0.73,42.0,32160.0,6.11,2.28,1.13,2.44,1060.99,49.77,3936.0,90.0,44.0,81.56,,390.0,,,7.06,,,,,3646.0,258.0,
137400,피엔티,2차전지_장비,2026-05-22 05:01,2025.12,2026.12,2026.03,2026.06,13.01,1.37,2890.0,27402.0,11.37,12.84,9.33,0.53,6.8,146.08,7449.0,956.0,695.0,9.94,1.34,4264.0,31679.0,14.65,13.64,11.15,,,,9238.0,1260.0,1030.0,14.27,1.66,827.0,28534.0,12.68,8.66,19.84,0.53,12.05,149.63,1014.0,88.0,201.0,113.38,,374.0,,,10.86,,,,,1759.0,191.0,
299030,하나기술,2차전지_장비,2026-05-22 05:01,2025.12,2026.12,2025.12,2026.03,-36.91,2.13,-726.0,12570.0,-5.85,-0.04,-6.19,,,161.73,938.0,-0.0,-58.0,15.55,1.85,1351.0,11370.0,11.29,5.68,5.57,,,,1938.0,110.0,108.0,-36.91,2.13,39.0,12570.0,-5.85,2.83,3.14,,,161.73,98.0,3.0,3.0,-79.52,,-350.0,,,-40.58,-40.58,,,,69.0,-28.0,-28.0
365340,성일하이텍,2차전지_리사이클링,2026-05-22 05:01,2025.12,2026.12,2025.12,2026.03,-6.43,3.94,-6364.0,10382.0,-46.96,-28.02,-41.38,,,367.58,1946.0,-545.0,-805.0,-197.87,6.26,-307.0,9713.0,-3.09,0.77,-1.22,,,,3205.0,25.0,-39.0,-6.43,3.94,-1057.0,10382.0,-46.96,-17.47,-26.19,,,367.58,534.0,-93.0,-140.0,-147.49,,-522.0,,,-7.54,-10.59,,,,623.0,-47.0,-66.0
005420,코스모화학,2차전지_리사이클링,2026-05-22 05:01,2025.12,2026.12,2025.12,2026.03,-18.16,2.5,-790.0,5730.0,-13.52,-2.41,-4.66,,,99.95,6642.0,-160.0,-310.0,,,,,,,,,,,,,,-18.16,2.5,-364.0,5730.0,-13.52,-4.21,-9.02,,,99.95,1735.0,-73.0,-157.0,,,,,,,,,,,,,
107600,새빗켐,2차전지_리사이클링,2026-05-22 05:01,2025.12,2026.12,2025.12,2026.03,-8.77,3.59,-3299.0,8056.0,-36.71,-24.54,-47.01,0.29,-59.78,82.4,384.0,-94.0,-180.0,,,,,,,,,,,,,,-8.77,3.59,-1845.0,8056.0,-36.71,-23.94,-98.75,,,82.4,105.0,-25.0,-104.0,,,,,,,,,,,,,
207940,삼성바이오로직스,바이오_CDMO,2026-05-22 05:01,2025.12,2026.12,2025.12,2026.03,63.79,10.52,26572.0,161142.0,19.44,45.41,39.16,,,48.44,45570.0,20692.0,17844.0,31.49,5.78,42462.0,231279.0,21.66,46.16,36.22,,,,54273.0,25050.0,19656.0,63.79,10.52,9236.0,161142.0,19.44,122.53,165.26,,,48.44,3086.0,3781.0,5100.0,,,,,,47.56,38.46,,,,13579.0,6458.0,5223.0
068270,셀트리온,바이오_CDMO,2026-05-22 05:01,2025.12,2026.12,2025.12,2026.03,40.71,2.3,4446.0,78717.0,5.94,28.07,24.78,0.41,15.92,28.71,41625.0,11685.0,10315.0,27.34,2.14,6561.0,84023.0,8.28,33.28,27.79,,,,53023.0,17647.0,14734.0,40.71,2.3,2288.0,78717.0,5.94,35.72,39.69,0.41,31.03,28.71,13302.0,4752.0,5279.0,177.78,,1128.0,,,27.87,23.6,,,,11262.0,3138.0,2657.0
053030,바이넥스,바이오_CDMO,2026-05-22 05:01,2025.12,2026.12,2025.12,2026.03,-151.77,2.55,-99.0,5881.0,-1.75,-2.69,-1.95,,,66.13,1685.0,-45.0,-33.0,118.19,1.66,76.0,5451.0,1.39,2.36,1.33,,,,1947.0,46.0,26.0,-151.77,2.55,-113.0,5881.0,-1.75,-16.34,-9.54,,,66.13,388.0,-63.0,-37.0,,,,,,0.91,,,,,442.0,4.0,
000100,유한양행,제약_전통,2026-05-22 05:01,2025.12,2026.12,2025.12,2026.03,47.05,3.64,2389.0,30855.0,8.81,4.77,8.48,0.53,23.12,36.35,21866.0,1044.0,1853.0,43.54,2.52,1872.0,32360.0,6.4,5.74,6.07,,,,23469.0,1347.0,1426.0,47.05,3.64,1410.0,30855.0,8.81,4.78,20.17,0.53,39.21,36.35,5461.0,261.0,1101.0,346.15,,274.0,,,4.11,7.26,,,,5384.0,221.0,391.0
128940,한미약품,제약_전통,2026-05-22 05:01,2025.12,2026.12,2025.12,2026.03,34.15,4.59,13235.0,98560.0,14.52,16.66,12.09,0.44,14.97,50.23,15475.0,2578.0,1871.0,28.99,3.72,14296.0,111571.0,13.74,16.21,12.28,,,,16422.0,2663.0,2017.0,34.15,4.59,3756.0,98560.0,14.52,19.23,12.48,0.44,52.74,50.23,4330.0,833.0,541.0,161.15,,3087.0,,,15.13,12.68,,,,3978.0,602.0,504.0
185750,종근당,제약_전통,2026-05-22 05:01,2025.12,2026.12,2025.12,2026.03,14.76,1.09,5615.0,76180.0,8.17,4.76,4.6,0.6,8.5,78.89,16924.0,806.0,778.0,16.43,,5216.0,,,5.04,4.08,,,,17650.0,890.0,720.0,14.76,1.09,1924.0,76180.0,8.17,5.5,6.16,0.6,24.81,78.89,4268.0,235.0,263.0,64.57,,1282.0,,,5.05,,,,,4279.0,216.0,
196170,알테오젠,바이오_혁신신약,2026-05-22 05:01,2025.12,2026.12,2025.12,2026.03,170.7,54.44,2633.0,8257.0,39.42,49.52,67.25,0.08,14.12,53.76,2159.0,1069.0,1452.0,69.89,27.67,5144.0,12993.0,48.44,61.17,61.16,,,,4674.0,2859.0,2859.0,170.7,54.44,1284.0,8257.0,39.42,30.44,115.38,0.08,28.89,53.76,645.0,196.0,744.0,,,,,,65.02,,,,,1155.0,751.0,
141080,리가켐바이오,바이오_혁신신약,2026-05-22 05:01,2025.12,2026.12,2025.12,2026.03,-85.61,12.47,-2029.0,13930.0,-13.22,-75.23,-64.68,,,29.7,1416.0,-1065.0,-916.0,116.07,8.72,1191.0,15849.0,8.05,10.01,16.41,,,,2678.0,268.0,440.0,-85.61,12.47,-1491.0,13930.0,-13.22,-458.39,-405.01,,,29.7,160.0,-731.0,-646.0,,,,,,,,,,,,,
028300,HLB,바이오_혁신신약,2026-05-22 05:01,2025.12,2026.12,2025.12,2026.03,-30.3,16.08,-1677.0,3159.0,-44.32,-123.81,-279.68,,,88.14,842.0,-1042.0,-2354.0,,,,,,,,,,,,,,-30.3,16.08,-193.0,3159.0,-44.32,-102.46,-102.23,,,88.14,287.0,-294.0,-293.0,,,,,,,,,,,,,
214150,클래시스,의료기기_미용,2026-05-22 05:01,2025.12,2026.12,2025.12,2026.03,27.06,6.42,2014.0,8487.0,26.21,50.65,39.18,1.83,49.38,27.73,3368.0,1706.0,1320.0,17.13,4.55,2718.0,10224.0,29.11,47.02,38.13,,,,4671.0,2196.0,1781.0,27.06,6.42,651.0,8487.0,26.21,54.79,45.67,1.83,152.8,27.73,934.0,512.0,427.0,99.56,,558.0,,,48.7,40.59,,,,921.0,449.0,374.0
145720,덴티움,의료기기_미용,2026-05-22 05:01,2025.12,2026.12,2025.12,2026.03,31.16,0.71,1483.0,65218.0,2.94,18.5,4.71,1.3,31.53,66.21,3465.0,641.0,163.0,6.31,0.63,7357.0,74041.0,11.16,22.58,17.37,,,,3805.0,859.0,661.0,31.16,0.71,-450.0,65218.0,2.94,24.29,-4.61,1.3,-103.91,66.21,1091.0,265.0,-50.0,79.18,,645.0,,,14.37,9.09,,,,770.0,111.0,70.0
336570,원텍,의료기기_미용,2026-05-22 05:01,2025.12,2026.12,2026.03,2026.06,19.74,4.39,393.0,1764.0,24.79,32.95,22.46,0.65,12.67,38.04,1568.0,517.0,352.0,14.27,3.27,515.0,2246.0,25.9,31.04,24.04,,,,1922.0,597.0,462.0,18.06,3.7,116.0,1831.0,22.67,27.83,25.89,0.65,71.61,61.7,402.0,112.0,104.0,51.21,,144.0,,,34.94,28.9,,,,491.0,172.0,142.0
328130,루닛,의료AI,2026-05-22 05:01,2025.12,2026.12,2026.03,2026.06,-25.33,8.77,-760.0,2196.0,-31.57,-99.97,-57.01,,,169.16,831.0,-831.0,-474.0,-28.05,4.12,-604.0,4117.0,-19.07,-20.09,-36.47,,,,1160.0,-233.0,-423.0,-15.22,8.21,-284.0,1992.0,-45.3,-56.75,-74.35,,,212.37,240.0,-136.0,-178.0,,,,,,-24.71,-43.35,,,,263.0,-65.0,-114.0
338220,뷰노,의료AI,2026-05-22 05:01,2025.12,2026.12,2025.12,2026.03,-54.14,8.67,-413.0,2579.0,-17.3,-14.16,-16.59,,,39.53,348.0,-49.0,-58.0,,,,,,,,,,,,,,-54.14,8.67,-194.0,2579.0,-17.3,-32.53,-37.47,,,39.53,72.0,-24.0,-27.0,,,,,,,,,,,,,
322510,제이엘케이,의료AI,2026-05-22 05:01,2025.12,2026.12,2025.12,2026.03,-10.43,3.41,-533.0,1631.0,-30.01,-395.33,-407.44,,,79.95,33.0,-132.0,-136.0,,,,,,,,,,,92.0,,,-10.43,3.41,-212.0,1631.0,-30.01,-478.7,-602.58,,,79.95,9.0,-43.0,-54.0,,,,,,,,,,,7.0,,
005380,현대차,자동차_완성차,2026-05-22 05:01,2025.12,2026.12,2025.12,2026.03,8.39,0.67,35331.0,439541.0,8.41,6.16,5.56,3.37,27.72,188.95,1862545.0,114679.0,103648.0,14.96,1.26,39577.0,470216.0,8.8,6.23,5.86,,,,1944080.0,121075.0,113950.0,8.39,0.67,3877.0,439541.0,8.41,3.62,2.53,0.84,64.15,188.95,468386.0,16954.0,11840.0,57.92,,9288.0,,,5.82,5.34,,,,457741.0,26654.0,24455.0
000270,기아,자동차_완성차,2026-05-22 05:01,2025.12,2026.12,2025.12,2026.03,6.37,0.77,19111.0,157456.0,12.92,7.95,6.62,5.58,34.95,61.76,1141409.0,90781.0,75542.0,7.02,0.87,21288.0,172491.0,12.96,8.22,6.75,,,,1228548.0,100991.0,82960.0,6.37,0.77,3762.0,157456.0,12.92,6.56,5.24,5.58,179.23,61.76,280877.0,18425.0,14709.0,32.19,,4945.0,,,7.78,6.59,,,,295712.0,23005.0,19490.0
003620,KG모빌리티,자동차_완성차,2026-05-22 05:01,2025.12,2026.12,2025.12,2026.03,15.09,0.48,232.0,7336.0,3.21,0.84,1.08,,,126.95,43036.0,362.0,466.0,,,,,,0.91,1.26,,,,50314.0,458.0,634.0,15.09,0.48,213.0,7336.0,3.21,1.78,3.64,,,126.95,11834.0,210.0,430.0,,,,,,,,,,,,,
012330,현대모비스,자동차_부품,2026-05-22 05:01,2025.12,2026.12,2025.12,2026.03,9.4,0.68,39682.0,551325.0,7.68,5.49,6.0,1.74,15.86,43.05,611181.0,33575.0,36647.0,11.66,0.89,45879.0,600820.0,8.13,5.72,6.38,,,,650570.0,37187.0,41513.0,9.4,0.68,8372.0,551325.0,7.68,6.04,4.99,1.34,58.45,43.05,153979.0,9305.0,7681.0,37.8,,11296.0,,,5.4,6.52,,,,155544.0,8403.0,10146.0
204320,HL만도,자동차_부품,2026-05-22 05:01,2025.12,2026.12,2025.12,2026.03,27.55,1.02,2130.0,57793.0,3.82,3.78,1.3,1.28,35.2,148.16,94548.0,3571.0,1228.0,12.63,0.88,4164.0,59935.0,7.07,4.18,2.29,,,,98103.0,4104.0,2243.0,27.55,1.02,510.0,57793.0,3.82,3.24,1.18,1.28,146.95,148.16,24616.0,797.0,291.0,55.62,,953.0,,,3.79,2.26,,,,23521.0,892.0,531.0
018880,한온시스템,자동차_부품,2026-05-22 05:01,2025.12,2026.12,2026.03,2026.06,-11.55,0.81,-257.0,3671.0,-6.0,2.48,-1.81,4.1,330.76,168.14,108837.0,2704.0,-1973.0,19.1,1.12,228.0,3892.0,6.03,3.84,2.13,,,,113263.0,4344.0,2408.0,-28.71,0.97,65.0,3866.0,-3.16,3.54,2.46,,,164.6,27482.0,972.0,675.0,85.59,,51.0,,,3.7,1.77,,,,29322.0,1084.0,519.0
161390,한국타이어앤테크놀로지,타이어,2026-05-22 05:01,2025.12,2026.12,2025.12,2026.03,6.63,0.59,8795.0,99234.0,9.39,8.68,4.58,3.95,25.75,87.63,212023.0,18411.0,9716.0,5.52,0.55,10736.0,106915.0,10.58,9.51,6.04,,,,224869.0,21378.0,13583.0,6.63,0.59,1594.0,99234.0,9.39,10.02,1.67,2.57,92.68,87.63,54562.0,5468.0,911.0,21.79,,2716.0,,,9.69,6.17,,,,52232.0,5061.0,3220.0
073240,금호타이어,타이어,2026-05-22 05:01,2025.12,2026.12,2026.03,2026.06,4.85,0.83,1209.0,7065.0,18.53,12.25,8.01,,,147.44,47013.0,5759.0,3768.0,3.46,0.56,1370.0,8471.0,17.64,11.28,8.29,,,,50727.0,5722.0,4203.0,4.94,0.76,331.0,7797.0,17.1,12.59,8.86,,,143.52,11678.0,1470.0,1034.0,14.0,,338.0,,,11.32,7.87,,,,12859.0,1456.0,1012.0
002350,넥센타이어,타이어,2026-05-22 05:01,2025.12,2026.12,2025.12,2026.03,5.2,0.38,1448.0,19967.0,7.71,5.34,4.74,2.66,13.74,129.23,31896.0,1703.0,1512.0,4.18,0.3,1536.0,21050.0,7.57,5.89,4.74,,,,33801.0,1990.0,1604.0,5.2,0.38,357.0,19967.0,7.71,4.86,4.47,2.66,55.77,129.23,8331.0,405.0,372.0,17.69,,430.0,,,6.86,5.05,,,,8364.0,573.0,422.0
005490,POSCO홀딩스,철강,2026-05-22 05:01,2025.12,2026.12,2025.12,2026.03,37.73,0.41,8085.0,736969.0,1.18,2.64,0.73,3.28,114.99,68.64,690949.0,18271.0,5044.0,17.65,0.55,23631.0,755073.0,3.34,4.49,2.83,,,,728780.0,32719.0,20627.0,37.73,0.41,-2784.0,736969.0,1.18,0.07,-1.84,0.82,-83.89,68.64,168415.0,127.0,-3106.0,101.22,,4100.0,,,3.4,2.06,,,,174739.0,5949.0,3596.0
004020,현대제철,철강,2026-05-22 05:01,2025.12,2026.12,2025.12,2026.03,-599.08,0.21,-52.0,147255.0,-0.04,0.96,0.01,1.61,-950.96,73.6,227332.0,2192.0,14.0,24.23,0.24,1502.0,149717.0,1.03,2.0,0.85,,,,239265.0,4792.0,2040.0,-599.08,0.21,-20.0,147255.0,-0.04,0.79,0.01,1.61,-2455.28,73.6,54898.0,433.0,6.0,165.8,,236.0,,,1.23,0.45,,,,58030.0,715.0,260.0
001430,세아베스틸지주,철강,2026-05-22 05:01,2025.12,2026.12,2025.12,2026.03,32.04,0.93,1567.0,54192.0,2.89,2.7,1.54,2.39,68.58,100.44,36516.0,984.0,561.0,24.52,1.09,2476.0,55472.0,4.52,3.76,2.3,,,,39037.0,1467.0,899.0,32.04,0.93,-41.0,54192.0,2.89,1.03,-0.22,2.39,-2609.28,100.44,8613.0,89.0,-19.0,179.93,,395.0,,,2.72,1.41,,,,9223.0,251.0,130.0
329180,HD현대중공업,조선,2026-05-22 05:01,2025.12,2026.12,2025.12,2026.03,32.42,5.72,15702.0,89025.0,18.82,11.59,8.05,1.11,40.06,180.07,175806.0,20375.0,14155.0,22.63,5.54,28103.0,114705.0,27.6,15.44,11.9,,,,248581.0,38375.0,29588.0,32.42,5.72,5195.0,89025.0,18.82,11.07,9.43,0.78,85.52,180.07,51931.0,5750.0,4896.0,113.84,,6017.0,,,13.87,10.49,,,,56775.0,7876.0,5955.0
010140,삼성중공업,조선,2026-05-22 05:01,2025.12,2026.12,2025.12,2026.03,38.88,4.96,620.0,4857.0,13.73,8.1,5.03,,,265.05,106500.0,8622.0,5358.0,22.83,4.58,1211.0,6042.0,22.9,11.95,8.26,,,,127421.0,15222.0,10527.0,38.88,4.96,111.0,4857.0,13.73,10.44,3.28,,,265.05,28379.0,2962.0,930.0,112.22,,307.0,,,11.38,7.99,,,,29876.0,3401.0,2388.0
042660,한화오션,조선,2026-05-22 05:01,2025.12,2026.12,2026.03,2026.06,27.94,5.64,4066.0,20138.0,22.59,9.13,9.75,,,226.17,127835.0,11676.0,12459.0,22.22,4.42,4972.0,25013.0,22.03,13.26,11.16,,,,136554.0,18102.0,15235.0,24.07,5.4,1632.0,22265.0,25.71,13.74,15.58,,,204.67,32099.0,4411.0,5000.0,100.42,,1100.0,,,13.97,11.39,,,,34866.0,4872.0,3973.0
000720,현대건설,건설_대형,2026-05-22 05:01,2025.12,2026.12,2025.12,2026.03,21.12,0.95,3320.0,73523.0,4.58,2.1,1.8,1.14,24.11,174.81,310629.0,6530.0,5591.0,28.68,1.74,4749.0,78128.0,6.26,3.05,2.56,,,,271331.0,8281.0,6934.0,21.12,0.95,1020.0,73523.0,4.58,1.47,2.06,1.14,78.5,174.81,80601.0,1188.0,1659.0,198.76,,870.0,,,2.47,2.19,,,,67971.0,1677.0,1486.0
006360,GS건설,건설_대형,2026-05-22 05:01,2025.12,2026.12,2026.03,2026.06,18.03,0.35,1093.0,56462.0,2.03,3.52,0.75,2.54,45.39,234.2,124503.0,4378.0,934.0,10.78,0.49,2691.0,58746.0,4.71,4.26,2.32,,,,111875.0,4762.0,2594.0,32.94,0.44,1.0,57092.0,1.4,3.06,0.45,2.54,111.92,231.27,24005.0,735.0,107.0,36.73,,790.0,,,4.58,2.49,,,,27736.0,1269.0,692.0
375500,DL이앤씨,건설_대형,2026-05-22 05:01,2025.12,2026.12,2025.12,2026.03,4.77,0.33,8625.0,126050.0,7.34,5.23,5.0,2.16,10.03,84.38,74024.0,3870.0,3702.0,7.65,0.55,9725.0,134936.0,7.69,7.26,5.98,,,,69909.0,5078.0,4181.0,4.77,0.33,4784.0,126050.0,7.34,3.72,12.11,2.16,18.08,84.38,16958.0,630.0,2053.0,46.97,,2108.0,,,6.31,4.88,,,,16614.0,1048.0,810.0
009240,한샘,건설자재_가구,2026-05-22 05:01,2025.12,2026.12,2026.03,2026.06,23.47,1.92,1967.0,24081.0,12.34,1.06,2.65,17.94,93.69,148.39,17445.0,185.0,463.0,29.04,1.26,1085.0,24902.0,6.28,1.93,1.49,,,,17176.0,332.0,255.0,24.69,1.7,112.0,24275.0,10.3,2.52,0.66,,,136.41,3994.0,101.0,26.0,65.17,,483.0,,,2.63,2.16,,,,4401.0,116.0,95.0
079430,현대리바트,건설자재_가구,2026-05-22 05:01,2025.12,2026.12,2025.12,2026.03,19.1,0.33,361.0,20785.0,1.79,1.02,0.48,1.89,35.3,84.96,15462.0,157.0,74.0,18.68,0.32,351.0,20732.0,1.7,0.99,0.47,,,,14990.0,148.0,71.0,19.1,0.33,-135.0,20785.0,1.79,-0.73,-0.77,1.89,-94.4,84.96,3579.0,-26.0,-28.0,,,,,,,,,,,,,
002380,KCC,건설자재_가구,2026-05-22 05:01,2025.12,2026.12,2025.12,2026.03,2.43,0.4,173128.0,1063952.0,23.51,6.59,23.73,3.57,7.17,114.76,64838.0,4276.0,15385.0,4.11,0.43,117491.0,1117208.0,12.73,6.53,15.12,,,,67517.0,4406.0,10208.0,2.43,0.4,30928.0,1063952.0,23.51,4.27,17.66,3.33,37.46,114.76,15564.0,665.0,2748.0,15.74,,35267.0,,,5.95,23.32,,,,16383.0,975.0,3821.0
010130,고려아연,비철금속,2026-05-22 05:01,2025.12,2026.12,2025.12,2026.03,34.17,2.45,38514.0,536342.0,8.48,7.43,4.64,1.52,52.63,82.36,165879.0,12319.0,7702.0,20.19,2.17,65082.0,605261.0,11.67,9.63,5.95,,,,226623.0,21835.0,13487.0,34.17,2.45,10802.0,536342.0,8.48,8.98,4.35,1.52,194.94,82.36,47699.0,4285.0,2073.0,72.11,,21898.0,,,11.67,7.59,,,,54596.0,6373.0,4143.0
103140,풍산,비철금속,2026-05-22 05:01,2025.12,2026.12,2025.12,2026.03,20.28,1.27,5251.0,84137.0,6.54,5.89,2.92,1.6,31.55,88.38,50486.0,2974.0,1472.0,9.53,0.92,8869.0,91584.0,10.36,5.91,4.08,,,,60906.0,3601.0,2486.0,20.28,1.27,315.0,84137.0,6.54,6.43,0.62,1.6,526.01,88.38,14245.0,915.0,88.0,43.19,,2327.0,,,6.85,4.8,,,,13735.0,941.0,659.0
006260,LS,비철금속,2026-05-22 05:01,2025.12,2026.12,2025.12,2026.03,23.63,1.09,8458.0,182946.0,5.64,3.3,1.52,1.25,25.25,225.47,318700.0,10526.0,4851.0,28.49,2.51,17549.0,199589.0,10.49,4.1,2.36,,,,383408.0,15731.0,9043.0,23.63,1.09,573.0,182946.0,5.64,2.83,0.84,1.25,376.67,225.47,90293.0,2553.0,761.0,136.64,,3974.0,,,4.12,2.46,,,,88120.0,3628.0,2170.0
213500,한솔제지,제지,2026-05-22 05:01,2025.12,2026.12,2026.03,2026.06,50.89,0.28,163.0,29322.0,0.56,2.18,0.17,6.02,305.9,185.78,22900.0,499.0,39.0,5.29,0.28,1311.0,25191.0,4.81,3.3,1.32,,,,23655.0,782.0,312.0,322.82,0.28,144.0,29210.0,0.09,2.01,0.61,3.61,-322.03,201.27,5598.0,112.0,34.0,13.6,,510.0,,,4.15,1.89,,,,5980.0,248.0,113.0
009580,무림P&P,제지,2026-05-22 05:01,2025.12,2026.12,2025.12,2026.03,-4.65,0.26,-544.0,9575.0,-5.5,-3.34,-4.52,4.94,-22.99,199.96,7316.0,-245.0,-331.0,,,,,,,,,,,,,,-4.65,0.26,-285.0,9575.0,-5.5,-2.71,-8.33,4.94,-43.91,199.96,2065.0,-56.0,-172.0,,,,,,,,,,,,,
004540,깨끗한나라,제지,2026-05-22 05:01,2025.12,2026.12,2025.12,2026.03,-1.5,0.42,-1263.0,4539.0,-26.34,-4.46,-9.35,,,273.37,5082.0,-226.0,-475.0,,,,,,,,,,,,,,-1.5,0.42,-542.0,4539.0,-26.34,-7.62,-16.62,,,273.37,1226.0,-93.0,-204.0,,,,,,,,,,,,,
105560,KB금융,은행,2026-05-22 05:01,2025.12,2026.12,2025.12,2026.03,8.25,0.76,15116.0,164669.0,9.98,10.49,7.19,3.5,27.11,1211.73,812307.0,85177.0,58407.0,8.65,0.83,17539.0,183536.0,10.51,,,,,,,90398.0,63923.0,8.25,0.76,1865.0,164669.0,9.98,7.84,3.29,1.29,80.9,1211.73,224189.0,17567.0,7388.0,33.95,,4781.0,,,,,,,,,24898.0,17866.0
055550,신한지주,은행,2026-05-22 05:01,2025.12,2026.12,2025.12,2026.03,7.62,0.63,10085.0,121468.0,8.72,10.86,7.86,3.37,25.07,1201.94,646820.0,70234.0,50845.0,8.1,0.73,11604.0,129211.0,9.3,,,,,,,75974.0,56245.0,7.62,0.63,1052.0,121468.0,8.72,7.02,3.4,1.14,81.8,1201.94,158271.0,11103.0,5380.0,30.83,,3231.0,,,,,,,,,21122.0,15607.0
086790,하나금융지주,은행,2026-05-22 05:01,2025.12,2026.12,2025.12,2026.03,6.67,0.57,14110.0,164776.0,9.17,7.76,5.85,4.36,27.96,1377.89,689436.0,53509.0,40366.0,7.24,0.66,15963.0,175778.0,9.6,,,,,,,59850.0,44531.0,6.67,0.57,2046.0,164776.0,9.17,5.19,3.37,1.45,64.78,1377.89,171488.0,8904.0,5776.0,30.4,,4062.0,,,,,,,,,15033.0,11553.0
006800,미래에셋증권,증권,2026-05-22 05:01,2025.12,2026.12,2025.12,2026.03,10.79,1.02,2154.0,22705.0,12.36,6.54,5.41,1.28,11.1,1015.01,292830.0,19151.0,15829.0,15.45,2.3,4014.0,26933.0,19.71,10.61,8.0,,,,355306.0,37699.0,28435.0,10.79,1.02,782.0,22705.0,12.36,9.54,6.49,1.28,30.71,1015.01,88631.0,8457.0,5751.0,55.3,,1439.0,,,,,,,,,13572.0,10305.0
071050,한국금융지주,증권,2026-05-22 05:01,2025.12,2026.12,2025.12,2026.03,4.93,0.79,32808.0,205667.0,18.66,12.05,10.4,5.37,25.13,1025.35,194661.0,23453.0,20244.0,5.51,0.98,42229.0,237478.0,20.1,16.56,13.12,,,,196730.0,32578.0,25816.0,4.93,0.79,5668.0,205667.0,18.66,10.81,9.93,5.37,145.47,1025.35,35239.0,3811.0,3498.0,24.57,,10926.0,,,,,,,,,8220.0,6445.0
039490,키움증권,증권,2026-05-22 05:01,2025.12,2026.12,2025.12,2026.03,7.15,1.14,40504.0,254008.0,18.12,8.69,6.51,3.97,27.05,1107.51,171217.0,14882.0,11150.0,6.26,1.22,58052.0,297354.0,21.2,11.0,8.28,,,,183731.0,20208.0,15210.0,7.15,1.14,9036.0,254008.0,18.12,6.19,4.42,3.97,122.15,1107.51,55862.0,3456.0,2469.0,29.13,,15429.0,,,,,,,,,5446.0,4086.0
032830,삼성생명,보험,2026-05-22 05:01,2025.12,2026.12,2025.12,2026.03,13.69,0.45,11514.0,349293.0,4.96,6.95,6.6,3.36,41.33,440.89,371383.0,25805.0,24515.0,22.44,0.62,13907.0,507016.0,3.62,,,,,,,32243.0,29371.0,13.69,0.45,929.0,349293.0,4.96,0.92,2.13,3.36,512.51,440.89,103308.0,953.0,2195.0,78.2,,3772.0,,,,,,,,,8944.0,7780.0
000810,삼성화재,보험,2026-05-22 05:01,2025.12,2026.12,2025.12,2026.03,12.21,0.99,40703.0,500071.0,10.97,10.73,8.15,3.92,41.07,352.98,247785.0,26591.0,20203.0,12.28,0.92,44228.0,588171.0,9.18,,,,,,,29975.0,21411.0,12.21,0.99,4780.0,500071.0,10.97,6.43,3.85,3.92,353.15,352.98,60830.0,3913.0,2344.0,39.65,,12585.0,,,,,,,,,8466.0,6225.0
005830,DB손해보험,보험,2026-05-22 05:01,2025.12,2026.12,2025.12,2026.03,5.19,0.73,25263.0,179423.0,17.75,10.34,7.77,5.8,25.78,576.91,230479.0,23840.0,17906.0,6.71,0.86,23285.0,181784.0,14.12,,,,,,,21332.0,15333.0,5.19,0.73,5355.0,179423.0,17.75,9.4,6.79,5.8,121.72,576.91,55760.0,5244.0,3788.0,35.08,,4693.0,,,,,,,,,4524.0,3252.0
035600,KG이니시스,핀테크_결제,2026-05-22 05:01,2025.12,2026.12,2026.03,2026.06,5.9,0.55,1732.0,18729.0,9.78,7.25,4.25,5.87,33.37,161.81,13589.0,986.0,578.0,4.7,0.48,2141.0,21021.0,11.15,7.29,4.74,,,,14598.0,1064.0,692.0,5.65,0.52,554.0,19351.0,9.79,6.67,4.57,5.87,421.17,163.96,3817.0,255.0,174.0,,,,,,6.41,4.36,,,,3666.0,235.0,160.0
060250,NHN KCP,핀테크_결제,2026-05-22 05:01,2025.12,2026.12,2025.12,2026.03,13.21,1.91,1128.0,7810.0,16.35,4.43,3.71,1.68,20.81,119.43,12349.0,547.0,458.0,12.08,1.85,1383.0,9027.0,17.49,4.57,4.0,,,,13903.0,636.0,556.0,13.21,1.91,309.0,7810.0,16.35,4.66,3.73,1.68,75.96,119.43,3356.0,156.0,125.0,62.23,,301.0,,,4.18,3.59,,,,3202.0,134.0,115.0
064260,다날,핀테크_결제,2026-05-22 05:01,2025.12,2026.12,2025.12,2026.03,-7.91,1.79,-910.0,4033.0,-21.22,1.03,-30.33,,,141.22,2254.0,23.0,-684.0,,,,,,,,,,,,,,-7.91,1.79,-131.0,4033.0,-21.22,-5.52,-21.09,,,141.22,559.0,-31.0,-118.0,,,,,,,,,,,,,
017670,SK텔레콤,통신,2026-05-22 05:01,2025.12,2026.12,2025.12,2026.03,28.14,0.89,1901.0,60395.0,3.33,6.28,2.19,3.1,86.55,132.4,170992.0,10732.0,3751.0,17.31,1.53,5668.0,64326.0,9.16,10.75,6.9,,,,177560.0,19080.0,12244.0,28.14,0.89,524.0,60395.0,3.33,2.75,2.24,1.46,197.21,132.4,43287.0,1191.0,970.0,57.76,,1646.0,,,11.66,7.22,,,,43976.0,5127.0,3174.0
030200,KT,통신,2026-05-22 05:01,2025.12,2026.12,2025.12,2026.03,7.66,0.72,6869.0,73231.0,10.22,8.74,6.5,4.56,33.56,120.72,282442.0,24691.0,18368.0,9.79,0.72,5701.0,77039.0,7.95,7.51,5.52,,,,277130.0,20807.0,15303.0,7.66,0.72,443.0,73231.0,10.22,3.32,1.34,1.14,129.49,120.72,68450.0,2274.0,914.0,42.82,,1385.0,,,7.46,5.78,,,,67697.0,5053.0,3913.0
032640,LG유플러스,통신,2026-05-22 05:01,2025.12,2026.12,2025.12,2026.03,12.19,0.71,1208.0,20826.0,6.01,5.77,3.3,4.48,53.73,117.06,154517.0,8921.0,5092.0,8.92,0.69,1711.0,22161.0,8.04,7.16,4.58,,,,156707.0,11213.0,7173.0,12.19,0.71,207.0,20826.0,6.01,4.43,2.09,2.79,195.65,117.06,38484.0,1705.0,806.0,38.28,,414.0,,,7.28,4.84,,,,38637.0,2812.0,1870.0
035420,NAVER,플랫폼,2026-05-22 05:01,2025.12,2026.12,2026.03,2026.06,19.59,1.32,12376.0,184396.0,7.36,18.35,15.11,1.08,20.15,41.9,120350.0,22081.0,18187.0,15.1,0.98,12683.0,196174.0,6.99,17.64,14.38,,,,137073.0,24180.0,19715.0,17.49,1.02,1819.0,196985.0,6.49,16.71,8.98,1.08,125.66,45.21,32411.0,5418.0,2910.0,55.47,,3452.0,,,17.34,15.43,,,,33455.0,5799.0,5163.0
035720,카카오,플랫폼,2026-05-22 05:01,2025.12,2026.12,2026.03,2026.06,54.13,2.35,1110.0,25625.0,4.59,9.04,6.4,0.12,6.72,82.49,80991.0,7320.0,5180.0,25.99,1.49,1545.0,27037.0,5.89,11.36,9.23,,,,83633.0,9500.0,7720.0,41.24,1.76,388.0,26080.0,4.49,10.88,11.68,0.12,98.67,86.78,19421.0,2114.0,2268.0,98.38,,408.0,,,11.05,9.9,,,,20749.0,2293.0,2054.0
042000,카페24,플랫폼,2026-05-22 05:01,2025.12,2026.12,2026.03,2026.06,18.72,2.74,1611.0,10998.0,16.23,12.78,12.41,,,56.29,3148.0,402.0,391.0,,,,,,,,,,,,,,15.95,2.43,262.0,10855.0,16.68,8.26,8.42,,,56.06,755.0,62.0,64.0,,,,,,,,,,,,,
259960,크래프톤,게임,2026-05-22 05:01,2025.12,2026.12,2026.03,2026.06,15.94,1.56,15438.0,157747.0,10.6,31.7,22.06,0.91,13.55,31.31,33266.0,10544.0,7337.0,10.65,1.44,24928.0,184336.0,15.37,30.1,25.25,,,,47463.0,14288.0,11986.0,13.8,1.53,10859.0,166997.0,12.1,40.95,37.49,0.91,-498.42,31.8,13714.0,5616.0,5141.0,50.98,,5208.0,,,28.27,20.93,,,,11106.0,3140.0,2325.0
036570,엔씨소프트,게임,2026-05-22 05:01,2025.12,2026.12,2026.03,2026.06,12.58,1.16,16023.0,173511.0,10.79,1.07,23.05,0.57,6.43,28.56,15069.0,161.0,3474.0,12.08,1.34,21560.0,194601.0,12.98,19.22,18.14,,,,26089.0,5014.0,4734.0,10.54,1.23,6906.0,181808.0,14.0,20.32,27.35,0.57,-938.15,29.42,5574.0,1133.0,1524.0,52.83,,4931.0,,,19.7,16.57,,,,6457.0,1272.0,1070.0
251270,넷마블,게임,2026-05-22 05:01,2025.12,2026.12,2026.03,2026.06,18.43,0.73,2618.0,66269.0,4.15,12.43,8.14,1.82,31.9,47.36,28351.0,3525.0,2308.0,9.28,0.61,4520.0,69022.0,6.75,13.28,13.58,,,,29126.0,3868.0,3956.0,11.7,0.7,2501.0,70328.0,6.43,8.14,32.37,1.82,-148.31,43.19,6517.0,531.0,2109.0,43.05,,974.0,,,13.99,13.59,,,,7420.0,1038.0,1009.0
352820,하이브,엔터,2026-05-22 05:01,2025.12,2026.12,2025.12,2026.03,-58.17,4.31,-5673.0,76643.0,-7.33,1.86,-9.6,0.15,-9.06,54.46,26499.0,493.0,-2544.0,45.69,2.78,4957.0,81447.0,6.35,6.65,4.85,,,,43557.0,2899.0,2114.0,-58.17,4.31,-6266.0,76643.0,-7.33,0.56,-37.99,0.15,-8.1,54.46,7164.0,40.0,-2722.0,243.75,,1034.0,,,6.79,6.89,,,,6326.0,429.0,436.0
035900,JYP Ent.,엔터,2026-05-22 05:01,2025.12,2026.12,2025.12,2026.03,16.07,3.88,4519.0,18730.0,29.21,18.89,19.54,1.21,18.1,36.19,8219.0,1552.0,1606.0,15.41,2.69,3861.0,22144.0,20.26,19.84,15.43,,,,8883.0,1763.0,1371.0,16.07,3.88,779.0,18730.0,29.21,18.02,11.97,1.21,105.03,36.19,2326.0,419.0,279.0,95.4,,628.0,,,16.86,12.26,,,,1582.0,267.0,194.0
041510,에스엠,엔터,2026-05-22 05:01,2025.12,2026.12,2025.12,2026.03,8.93,3.08,15126.0,43793.0,41.65,15.58,30.59,1.2,10.68,47.76,11749.0,1830.0,3594.0,14.07,1.76,5998.0,47992.0,13.07,15.64,11.35,,,,12862.0,2012.0,1459.0,8.93,3.08,1308.0,43793.0,41.65,17.12,9.74,1.2,123.88,47.76,3190.0,546.0,311.0,79.82,,1210.0,,,14.14,11.36,,,,2577.0,364.0,293.0
035760,CJ ENM,미디어_방송,2026-05-22 05:01,2025.12,2026.12,2025.12,2026.03,48.02,0.48,1345.0,134461.0,1.06,2.59,0.33,,,151.51,51345.0,1329.0,170.0,16.67,0.3,2478.0,136385.0,1.93,2.97,1.2,,,,54316.0,1612.0,649.0,48.02,0.48,-3652.0,134461.0,1.06,5.98,-6.62,,,151.51,14378.0,860.0,-952.0,3610.68,,15.0,,,2.15,0.68,,,,12001.0,258.0,81.0
253450,스튜디오드래곤,미디어_방송,2026-05-22 05:01,2025.12,2026.12,2025.12,2026.03,124.52,1.61,343.0,26623.0,1.34,5.72,1.94,,,29.27,5307.0,304.0,103.0,23.21,0.99,1198.0,28163.0,4.37,7.98,5.71,,,,6314.0,504.0,360.0,124.52,1.61,93.0,26623.0,1.34,12.7,1.91,,,29.27,1459.0,185.0,28.0,116.39,,299.0,,,6.56,5.4,,,,1455.0,96.0,79.0
034120,SBS,미디어_방송,2026-05-22 05:01,2025.12,2026.12,2025.12,2026.03,43.2,0.27,433.0,69877.0,0.73,1.8,0.79,1.76,76.23,57.45,10085.0,182.0,79.0,12.71,0.23,1070.0,60199.0,1.65,2.64,1.97,,,,10144.0,268.0,200.0,43.2,0.27,-61.0,69877.0,0.73,1.69,-0.42,1.76,-536.69,57.45,2947.0,50.0,-12.0,,,,,,,,,,,,,
030000,제일기획,광고_마케팅,2026-05-22 05:01,2025.12,2026.12,2025.12,2026.03,11.64,1.35,1804.0,15525.0,13.7,7.41,4.59,5.86,60.02,125.93,45469.0,3369.0,2086.0,9.56,1.17,1953.0,15951.0,14.09,7.22,4.78,,,,47210.0,3409.0,2259.0,11.64,1.35,553.0,15525.0,13.7,7.53,5.37,5.86,195.7,125.93,11997.0,904.0,644.0,68.08,,292.0,,,4.62,3.05,,,,10801.0,499.0,329.0
214320,이노션,광고_마케팅,2026-05-22 05:01,2025.12,2026.12,2025.12,2026.03,8.05,0.69,2294.0,26618.0,8.88,7.59,5.08,6.37,51.22,154.42,21460.0,1628.0,1090.0,7.34,0.73,2800.0,28290.0,10.2,8.21,5.79,,,,21896.0,1799.0,1269.0,8.05,0.69,779.0,26618.0,8.88,7.15,5.5,5.15,121.91,154.42,6321.0,452.0,347.0,40.2,,492.0,,,6.43,4.69,,,,5134.0,330.0,241.0
010470,오리콤,광고_마케팅,2026-05-22 05:01,2025.12,2026.12,2025.12,2026.03,9.15,0.53,648.0,11173.0,6.11,3.92,3.41,4.55,40.88,87.11,2277.0,89.0,78.0,,,,,,,,,,,,,,9.15,0.53,372.0,11173.0,6.11,7.72,7.12,4.55,71.27,87.11,625.0,48.0,44.0,,,,,,,,,,,,,
053800,안랩,정보보안,2026-05-22 05:01,2025.12,2026.12,2026.03,2026.06,12.32,1.45,4878.0,41556.0,14.68,12.43,19.24,2.33,23.19,29.58,2677.0,333.0,515.0,,,,,,,,,,,,,,11.77,1.45,461.0,40749.0,15.51,3.26,6.72,2.33,53.24,37.16,591.0,19.0,40.0,,,,,,,,,,,,,
067920,이글루코퍼레이션,정보보안,2026-05-22 05:01,2025.12,2026.12,2026.03,2026.06,-1403.6,0.72,-4.0,7266.0,-0.05,11.18,2.53,4.01,-5188.39,28.76,1433.0,160.0,36.0,-332.08,0.86,-18.0,7026.0,-0.27,9.06,8.24,,,,1954.0,177.0,161.0,-136.21,0.87,-121.0,6804.0,-0.65,-8.17,-6.58,4.01,-127.29,33.84,389.0,-32.0,-26.0,,,,,,,,,,,,,
049470,SGA,정보보안,2026-05-22 05:01,2025.12,2026.12,2025.12,2026.03,-7.26,1.67,-604.0,2626.0,-19.04,-18.2,-37.51,,,16.07,248.0,-45.0,-93.0,,,,,,,,,,,,,,-7.26,1.67,-465.0,2626.0,-19.04,-18.79,-116.79,,,16.07,94.0,-18.0,-109.0,,,,,,,,,,,,,
051910,LG화학,화학,2026-05-22 05:01,2025.12,2026.12,2025.12,2026.03,-14.33,0.79,-23242.0,419617.0,-5.5,2.57,-2.13,0.6,-8.63,114.54,459322.0,11809.0,-9771.0,98.79,0.77,3361.0,428688.0,0.79,2.81,0.58,,,,532624.0,14982.0,3118.0,-14.33,0.79,-17845.0,419617.0,-5.5,-3.69,-14.05,0.6,-11.23,114.54,111971.0,-4133.0,-15728.0,-74.01,,-5290.0,,,-1.49,-4.0,,,,113050.0,-1681.0,-4528.0
011170,롯데케미칼,화학,2026-05-22 05:01,2025.12,2026.12,2025.12,2026.03,-1.48,0.24,-47624.0,298452.0,-15.13,-5.1,-13.4,1.42,-2.07,76.52,184830.0,-9431.0,-24762.0,-12.93,0.27,-6112.0,288336.0,-2.11,0.13,-1.36,,,,214201.0,275.0,-2917.0,-1.48,0.24,-30947.0,298452.0,-15.13,-9.2,-33.87,0.71,-1.59,76.52,47099.0,-4335.0,-15950.0,-49.12,,-2034.0,,,-0.39,-1.22,,,,51562.0,-203.0,-629.0
011780,금호석유,화학,2026-05-22 05:01,2025.12,2026.12,2025.12,2026.03,12.26,0.49,9843.0,244373.0,4.74,3.93,4.21,1.41,14.99,35.67,69151.0,2718.0,2909.0,9.53,0.51,13784.0,257743.0,6.1,4.98,5.36,,,,73025.0,3637.0,3914.0,12.26,0.49,49.0,244373.0,4.74,0.1,0.09,1.41,3064.67,35.67,15897.0,16.0,14.0,50.44,,2906.0,,,4.07,4.69,,,,16778.0,682.0,786.0
010950,S-Oil,정유,2026-05-22 05:01,2025.12,2026.12,2025.12,2026.03,54.69,1.09,1518.0,76339.0,2.01,0.69,0.52,0.4,21.77,198.82,342470.0,2356.0,1770.0,6.26,1.2,17708.0,92587.0,21.0,7.27,4.92,,,,419275.0,30489.0,20649.0,54.69,1.09,1930.0,76339.0,2.01,4.23,2.56,0.4,17.11,198.82,87926.0,3719.0,2251.0,15.13,,7721.0,,,11.61,7.98,,,,102634.0,11911.0,8188.0
078930,GS,정유,2026-05-22 05:01,2025.12,2026.12,2025.12,2026.03,6.68,0.36,8434.0,155303.0,5.55,11.66,4.12,5.33,35.57,86.04,251841.0,29361.0,10381.0,5.18,0.44,14274.0,168086.0,8.83,13.67,6.94,,,,270180.0,36926.0,18754.0,6.68,0.36,2557.0,155303.0,5.55,11.96,3.86,5.33,117.31,86.04,64873.0,7762.0,2505.0,25.01,,3175.0,,,13.82,6.97,,,,64603.0,8930.0,4504.0
015760,한국전력,전력_유틸리티,2026-05-22 05:01,2025.12,2026.12,2025.12,2026.03,3.55,0.63,13311.0,75035.0,19.4,13.85,8.89,3.27,11.58,416.85,974293.0,134906.0,86667.0,3.55,0.44,10388.0,83705.0,13.09,11.43,6.87,,,,986280.0,112784.0,67728.0,3.55,0.63,2063.0,75035.0,19.4,8.23,5.65,3.27,74.75,416.85,236828.0,19492.0,13386.0,11.24,,3919.0,,,17.11,10.11,,,,247717.0,42383.0,25046.0
051600,한전KPS,전력_유틸리티,2026-05-22 05:01,2025.12,2026.12,2025.12,2026.03,17.91,1.65,2761.0,29906.0,9.29,8.89,7.88,3.34,59.8,26.58,15765.0,1401.0,1243.0,14.88,1.66,3529.0,31701.0,11.46,11.51,9.6,,,,16545.0,1904.0,1589.0,17.91,1.65,432.0,29906.0,9.29,4.37,4.41,3.34,382.56,26.58,4408.0,193.0,194.0,79.12,,744.0,,,12.56,11.88,,,,3552.0,446.0,422.0
036460,한국가스공사,전력_유틸리티,2026-05-22 05:01,2025.12,2026.12,2025.12,2026.03,27.27,0.32,1441.0,123774.0,1.23,5.88,0.37,2.94,75.71,396.6,357273.0,21012.0,1323.0,3.87,0.28,9576.0,132589.0,7.9,6.07,2.46,,,,359992.0,21834.0,8872.0,27.27,0.32,-4408.0,123774.0,1.23,5.27,-4.52,2.94,-24.75,396.6,89924.0,4736.0,-4068.0,9.13,,4162.0,,,6.61,3.43,,,,120425.0,7963.0,4130.0
018670,SK가스,에너지_LPG_LNG,2026-05-22 05:01,2025.12,2026.12,2025.12,2026.03,8.84,0.69,25453.0,325701.0,8.24,5.77,3.05,4.0,34.45,155.42,76763.0,4428.0,2338.0,5.37,0.61,44428.0,391883.0,12.74,5.94,4.87,,,,97629.0,5798.0,4753.0,8.84,0.69,-1704.0,325701.0,8.24,1.77,-0.84,3.11,-400.45,155.42,20187.0,358.0,-170.0,21.53,,12238.0,,,6.12,7.83,,,,19494.0,1194.0,1526.0
017940,E1,에너지_LPG_LNG,2026-05-22 05:01,2025.12,2026.12,2025.12,2026.03,5.45,0.24,15276.0,349725.0,5.29,3.12,1.1,5.46,25.1,509.97,103925.0,3241.0,1142.0,6.14,0.28,14563.0,313884.0,5.21,2.44,1.06,,,,104365.0,2544.0,1110.0,5.45,0.24,-2759.0,349725.0,5.29,0.93,-0.97,4.92,-125.27,509.97,29435.0,273.0,-286.0,,,,,,,,,,,,,
071320,지역난방공사,에너지_LPG_LNG,2026-05-22 05:01,2025.12,2026.12,2026.03,2026.06,3.29,0.48,29268.0,198762.0,14.84,13.25,8.48,6.39,21.04,257.56,39982.0,5296.0,3389.0,3.58,0.36,20089.0,202064.0,10.02,10.55,6.13,,,,37962.0,4004.0,2326.0,2.6,0.34,18682.0,211380.0,13.14,22.32,15.08,6.39,91.46,234.26,14341.0,3202.0,2163.0,-33.17,,-2168.0,,,-4.41,-4.49,,,,5585.0,-246.0,-251.0
004170,신세계,유통_백화점,2026-05-22 05:01,2025.12,2026.12,2025.12,2026.03,171.49,0.49,1440.0,508154.0,0.32,6.93,0.93,2.11,327.13,140.91,69295.0,4800.0,646.0,13.78,0.91,35884.0,541446.0,7.4,9.78,5.86,,,,72162.0,7059.0,4227.0,171.49,0.49,-7935.0,508154.0,0.32,8.92,-3.57,2.11,-59.57,140.91,19337.0,1725.0,-691.0,52.6,,8146.0,,,9.3,5.4,,,,18080.0,1682.0,977.0
069960,현대백화점,유통_백화점,2026-05-22 05:01,2025.12,2026.12,2025.12,2026.03,9.65,0.42,9177.0,210969.0,4.64,8.93,3.35,2.43,22.2,78.26,42303.0,3779.0,1415.0,8.86,0.47,11720.0,222935.0,5.52,9.77,5.82,,,,42309.0,4134.0,2464.0,9.65,0.42,2183.0,210969.0,4.64,10.17,-4.7,1.86,71.5,78.26,10417.0,1059.0,-489.0,34.91,,3119.0,,,9.63,7.89,,,,10347.0,996.0,816.0
023530,롯데쇼핑,유통_백화점,2026-05-22 05:01,2025.12,2026.12,2025.12,2026.03,39.78,0.13,1822.0,537130.0,0.34,3.98,0.53,5.52,219.34,124.77,137384.0,5470.0,736.0,12.29,0.28,12462.0,544505.0,2.31,5.46,2.64,,,,142744.0,7799.0,3768.0,39.78,0.13,3972.0,537130.0,0.34,6.46,3.25,3.86,70.45,124.77,35218.0,2277.0,1145.0,50.17,,2753.0,,,5.76,2.29,,,,36011.0,2075.0,826.0
139480,이마트,편의점_마트,2026-05-22 05:01,2025.12,2026.12,2026.03,2026.06,16.52,0.2,4921.0,410591.0,1.27,1.11,0.85,3.08,49.17,144.61,289704.0,3225.0,2463.0,13.8,0.21,6414.0,416458.0,1.6,2.01,0.7,,,,294127.0,5912.0,2057.0,21.1,0.22,2166.0,431878.0,1.15,2.5,1.11,3.08,-45.18,146.78,71234.0,1783.0,794.0,-2907.42,,-30.0,,,1.13,-0.24,,,,70893.0,801.0,-173.0
282330,BGF리테일,편의점_마트,2026-05-22 05:01,2025.12,2026.12,2025.12,2026.03,9.28,1.38,11297.0,76009.0,15.64,2.8,2.15,3.91,36.27,170.83,90612.0,2539.0,1953.0,10.38,1.57,12810.0,84681.0,15.95,3.03,2.35,,,,94563.0,2861.0,2220.0,9.28,1.38,2881.0,76009.0,15.64,2.8,2.17,3.91,142.26,170.83,22924.0,643.0,498.0,114.94,,1148.0,,,1.4,1.02,,,,20926.0,293.0,213.0
007070,GS리테일,편의점_마트,2026-05-22 05:01,2025.12,2026.12,2025.12,2026.03,38.69,0.51,519.0,39303.0,1.34,2.44,0.42,2.98,115.44,128.41,119574.0,2921.0,502.0,10.58,0.64,2481.0,41224.0,6.17,2.78,1.65,,,,123704.0,3438.0,2048.0,38.69,0.51,-874.0,39303.0,1.34,1.76,-1.95,2.98,-68.6,128.41,30260.0,533.0,-591.0,87.52,,269.0,,,1.83,0.84,,,,28483.0,522.0,239.0
097950,CJ제일제당,식품,2026-05-22 05:01,2025.12,2026.12,2025.12,2026.03,-5.96,0.47,-34884.0,440524.0,-7.67,4.51,-1.52,2.88,-16.84,157.5,273426.0,12336.0,-4170.0,8.9,0.47,24054.0,460160.0,5.46,4.54,1.93,,,,285147.0,12957.0,5509.0,-6.0,0.47,-50094.0,440524.0,-7.61,3.75,-14.64,0.72,-2.94,157.5,54574.0,2048.0,-7987.0,63.58,,3602.0,,,3.87,1.23,,,,68952.0,2671.0,847.0
007310,오뚜기,식품,2026-05-22 05:01,2025.12,2026.12,2025.12,2026.03,22.29,0.64,17271.0,603102.0,3.35,4.82,1.96,2.34,44.72,65.29,36745.0,1773.0,721.0,,,,,,,,,,,,,,22.29,0.64,-6741.0,603102.0,3.35,2.15,-3.04,2.34,-114.57,65.29,8962.0,193.0,-272.0,,,,,,,,,,,,,
004370,농심,식품,2026-05-22 05:01,2025.12,2026.12,2025.12,2026.03,15.46,0.88,27970.0,489519.0,6.18,5.23,4.84,1.39,20.58,35.0,35143.0,1839.0,1701.0,12.55,0.76,31326.0,514381.0,6.57,5.75,5.14,,,,36959.0,2124.0,1900.0,15.46,0.88,5072.0,489519.0,6.18,3.78,3.5,1.39,113.47,35.0,8824.0,334.0,309.0,44.6,,8465.0,,,6.51,6.0,,,,9257.0,603.0,556.0
000080,하이트진로,음료_주류,2026-05-22 05:01,2025.12,2026.12,2025.12,2026.03,31.67,1.15,582.0,16066.0,3.69,6.9,1.65,3.8,117.86,186.53,24986.0,1723.0,411.0,11.75,1.0,1422.0,16779.0,8.84,7.82,4.0,,,,25294.0,1977.0,1012.0,31.67,1.15,-893.0,16066.0,3.69,-1.62,-11.19,3.8,-76.87,186.53,5697.0,-92.0,-637.0,37.99,,449.0,,,9.32,5.23,,,,6020.0,561.0,315.0
005300,롯데칠성,음료_주류,2026-05-22 05:01,2025.12,2026.12,2026.03,2026.06,29.64,0.92,4697.0,151359.0,3.13,4.21,1.29,2.44,72.39,167.74,39711.0,1672.0,512.0,10.7,0.71,10572.0,160193.0,6.79,5.18,2.69,,,,41077.0,2129.0,1103.0,17.75,0.75,2423.0,152059.0,4.3,5.02,2.66,2.44,-77.76,165.14,9525.0,478.0,253.0,34.89,,3241.0,,,5.56,2.9,,,,11186.0,622.0,324.0
271560,오리온,음료_주류,2026-05-22 05:01,2025.12,2026.12,2026.03,2026.06,10.92,1.1,9680.0,96352.0,10.51,16.75,11.72,3.31,36.15,17.55,33324.0,5583.0,3906.0,11.09,1.29,12137.0,103952.0,12.12,17.54,13.17,,,,37042.0,6499.0,4879.0,12.56,1.3,3149.0,98614.0,10.85,17.79,13.63,3.31,130.67,19.74,9304.0,1655.0,1268.0,52.66,,2556.0,,,16.32,12.25,,,,8583.0,1401.0,1051.0
020000,한섬,의류_패션,2026-05-22 05:01,2025.12,2026.12,2025.12,2026.03,7.76,0.24,2061.0,66913.0,3.25,3.5,3.1,4.69,34.83,20.72,14918.0,522.0,462.0,6.7,0.35,3678.0,69950.0,5.45,6.25,5.0,,,,16000.0,1001.0,800.0,7.76,0.24,1052.0,66913.0,3.25,5.86,5.09,4.69,68.21,20.72,4637.0,272.0,236.0,21.65,,1226.0,,,8.44,,,,,4089.0,345.0,
383220,F&F,의류_패션,2026-05-22 05:01,2025.12,2026.12,2025.12,2026.03,6.58,1.37,10404.0,50123.0,23.16,24.23,20.72,3.94,25.31,41.13,19340.0,4686.0,4007.0,6.07,1.27,12658.0,60373.0,23.42,25.48,23.35,,,,20809.0,5302.0,4859.0,6.58,1.37,4034.0,50123.0,23.16,23.1,26.91,3.94,64.94,41.13,5753.0,1329.0,1548.0,27.18,,2447.0,,,25.47,20.24,,,,5292.0,1348.0,1071.0
093050,LF,의류_패션,2026-05-22 05:01,2025.12,2026.12,2025.12,2026.03,5.39,0.3,3382.0,61158.0,6.18,8.93,6.24,3.84,18.71,63.89,18824.0,1681.0,1175.0,,,,,,,,,,,,,,5.39,0.3,1000.0,61158.0,6.18,12.98,6.21,3.84,63.31,63.89,5978.0,776.0,371.0,,,,,,,,,,,,,
090430,아모레퍼시픽,화장품,2026-05-22 05:01,2025.12,2026.12,2026.03,2026.06,35.01,1.51,3413.0,78989.0,4.41,7.9,5.82,1.04,36.28,26.49,42528.0,3358.0,2473.0,22.8,1.4,5093.0,82799.0,6.3,10.0,8.02,,,,45929.0,4594.0,3684.0,40.59,1.73,1572.0,79389.0,4.34,11.16,9.95,1.04,370.13,27.43,11358.0,1267.0,1130.0,113.48,,1023.0,,,8.73,6.65,,,,10822.0,945.0,720.0
051900,LG생활건강,화장품,2026-05-22 05:01,2025.12,2026.12,2026.03,2026.06,-45.44,0.79,-5688.0,325224.0,-1.82,2.69,-1.35,0.77,-33.58,23.32,63555.0,1707.0,-858.0,23.7,0.73,10485.0,340476.0,3.26,5.18,3.07,,,,62789.0,3251.0,1929.0,-37.88,0.74,4832.0,332075.0,-2.04,6.84,5.63,0.39,-6.7,25.0,15766.0,1078.0,887.0,102.79,,2417.0,,,4.48,2.43,,,,15636.0,700.0,380.0
192820,코스맥스,화장품,2026-05-22 05:01,2025.12,2026.12,2026.03,2026.06,15.03,3.31,10843.0,49196.0,23.86,8.16,5.46,2.02,30.42,247.1,23988.0,1958.0,1311.0,13.54,2.96,12774.0,58490.0,23.73,8.4,5.43,,,,27310.0,2295.0,1483.0,14.25,3.81,3663.0,51613.0,30.59,7.78,6.42,2.02,44.02,289.6,6820.0,530.0,438.0,50.23,,3444.0,,,9.41,5.83,,,,7261.0,683.0,424.0
051500,CJ프레시웨이,외식_급식,2026-05-22 05:01,2025.12,2026.12,2025.12,2026.03,6.34,0.7,4221.0,38342.0,11.51,2.92,1.44,1.87,11.85,249.12,34811.0,1017.0,501.0,4.72,0.57,5119.0,42387.0,12.68,2.89,1.62,,,,37429.0,1083.0,608.0,6.34,0.7,863.0,38342.0,11.51,3.34,1.14,1.87,57.91,249.12,8980.0,300.0,102.0,111.73,,258.0,,,1.3,0.2,,,,8366.0,109.0,16.0
031440,신세계푸드,외식_급식,2026-05-22 05:01,2025.12,2026.12,2025.12,2026.03,2.4,0.48,19939.0,98997.0,23.71,0.39,6.26,1.88,4.21,127.3,12332.0,48.0,772.0,,,,,,,,,,,,,,2.4,0.48,13133.0,98997.0,23.71,-1.99,16.21,1.88,6.4,127.3,3138.0,-62.0,509.0,,,,,,,,,,,,,
017810,풀무원,외식_급식,2026-05-22 05:01,2025.12,2026.12,2025.12,2026.03,27.26,1.54,475.0,8405.0,5.9,2.76,0.45,0.79,20.8,280.13,33802.0,932.0,152.0,9.73,1.65,1104.0,6492.0,15.31,3.29,1.23,,,,35541.0,1171.0,438.0,27.26,1.54,127.0,8405.0,5.9,2.82,0.54,0.79,77.88,280.13,8592.0,243.0,47.0,,,,,,2.27,0.18,,,,8382.0,190.0,15.0
044960,이글벳,동물의약_사료,2026-05-22 05:01,2025.12,2026.12,2025.12,2026.03,13.41,0.99,312.0,4229.0,7.85,9.83,9.11,1.91,24.89,23.25,433.0,43.0,39.0,,,,,,,,,,,,,,13.41,0.99,105.0,4229.0,7.85,9.74,11.91,1.91,74.25,23.25,111.0,11.0,13.0,,,,,,,,,,,,,
215380,우진비앤지,동물의약_사료,2026-05-22 05:01,2025.12,2026.12,2025.12,2026.03,-5.34,1.26,-330.0,1402.0,-21.03,-10.39,-14.76,,,271.27,376.0,-39.0,-55.0,,,,,,,,,,,,,,-5.34,1.26,-78.0,1402.0,-21.03,-0.11,-10.54,,,271.27,124.0,-0.0,-13.0,,,,,,,,,,,,,
054670,대한뉴팜,동물의약_사료,2026-05-22 05:01,2025.12,2026.12,2026.03,2026.06,6.18,0.66,1063.0,9971.0,11.5,5.79,7.54,1.52,9.2,93.77,2024.0,117.0,153.0,,,,,,,,,,,,,,6.42,0.71,209.0,9847.0,11.85,5.72,5.47,1.52,19.87,99.62,548.0,31.0,30.0,,,,,,,,,,,,,
304100,솔트룩스,AI_소프트웨어,2026-05-22 05:01,2025.12,2026.12,2026.03,2026.06,-30.11,4.76,-885.0,5600.0,-15.27,-19.32,-28.82,,,44.38,416.0,-80.0,-120.0,,,,,,,,,,,,,,-26.31,4.07,-378.0,5215.0,-15.14,-54.39,-57.27,,,57.41,89.0,-49.0,-51.0,,,,,,,,,,,,,
108860,셀바스AI,AI_소프트웨어,2026-05-22 05:01,2025.12,2026.12,2025.12,2026.03,-54.7,2.98,-223.0,4090.0,-5.2,1.29,-3.78,,,18.16,1148.0,15.0,-43.0,,,,,,,,,,,,,,-54.7,2.98,-138.0,4090.0,-5.2,2.27,-7.23,,,18.16,345.0,8.0,-25.0,,,,,,,,,,,,,
064480,브리지텍,AI_소프트웨어,2026-05-22 05:01,2025.12,2026.12,2026.03,2026.06,108.93,1.16,43.0,4027.0,1.1,0.63,1.03,2.57,271.15,33.16,497.0,3.0,5.0,,,,,,,,,,,,,,29.42,1.18,34.0,3584.0,3.92,3.1,3.58,2.57,69.86,30.54,112.0,3.0,4.0,,,,,,,,,,,,,
277810,레인보우로보틱스,로봇,2026-05-22 05:01,2025.12,2026.12,2025.12,2026.03,6421.11,68.2,73.0,6899.0,1.07,-7.27,4.17,,,7.08,341.0,-25.0,14.0,825.14,83.63,773.0,7629.0,10.64,6.67,25.0,,,,600.0,40.0,150.0,6421.11,68.2,140.0,6899.0,1.07,13.06,20.79,,,7.08,130.0,17.0,27.0,,,,,,,,,,,,,
454910,두산로보틱스,로봇,2026-05-22 05:01,2025.12,2026.12,2025.12,2026.03,-91.11,14.5,-856.0,5378.0,-14.78,-180.34,-168.28,,,14.57,330.0,-595.0,-555.0,884.33,17.34,108.0,5508.0,1.98,22.03,11.86,,,,590.0,130.0,70.0,-91.11,14.5,-257.0,5378.0,-14.78,-126.52,-128.09,,,14.57,130.0,-164.0,-167.0,,,,,,,,,,,,,
389500,에스비비테크,로봇,2026-05-22 05:01,2025.12,2026.12,2025.12,2026.03,-24.05,18.31,-1503.0,1974.0,-76.71,-95.33,-131.32,,,157.78,72.0,-69.0,-95.0,-224.97,38.29,-332.0,1951.0,-17.25,-21.82,-20.0,,,,110.0,-24.0,-22.0,-24.05,18.31,-515.0,1974.0,-76.71,-41.48,-150.1,,,157.78,22.0,-9.0,-33.0,-4662.98,,-15.0,,,-20.0,-5.0,,,,20.0,-4.0,-1.0
034020,두산에너빌리티,원자력,2026-05-22 05:01,2025.12,2026.12,2025.12,2026.03,569.06,6.19,132.0,12156.0,1.11,4.47,1.2,,,129.1,170579.0,7627.0,2052.0,220.36,7.95,460.0,12734.0,3.7,6.2,2.76,,,,180973.0,11214.0,4995.0,569.06,6.19,114.0,12156.0,1.11,4.36,1.08,,,129.1,48599.0,2121.0,525.0,1261.86,,101.0,,,4.78,2.01,,,,40658.0,1942.0,818.0
052690,한전기술,원자력,2026-05-22 05:01,2025.12,2026.12,2025.12,2026.03,40.29,5.48,2234.0,16428.0,14.2,6.83,16.46,1.5,60.03,41.7,5188.0,355.0,854.0,78.21,8.11,1733.0,16714.0,10.5,12.01,10.53,,,,6021.0,723.0,634.0,40.29,5.48,206.0,16428.0,14.2,12.86,3.83,1.5,650.75,41.7,2055.0,264.0,79.0,-3656.38,,-52.0,,,6.25,7.43,,,,1210.0,76.0,90.0
032820,우리기술,원자력,2026-05-22 05:01,2025.12,2026.12,2025.12,2026.03,758.69,4.82,5.0,755.0,0.67,-6.3,-4.71,,,172.08,871.0,-55.0,-41.0,,,,,,,,,,,,,,758.69,4.82,-92.0,755.0,0.67,-4.75,-62.38,,,172.08,248.0,-12.0,-155.0,,,,,,,,,,,,,
012450,한화에어로스페이스,방산,2026-05-22 05:01,2025.12,2026.12,2026.03,2026.06,32.93,5.0,28573.0,188244.0,19.14,11.57,8.25,0.74,25.63,221.38,267029.0,30893.0,22020.0,29.9,5.56,41776.0,224536.0,20.29,14.12,10.66,,,,300928.0,42494.0,32062.0,39.9,6.45,5056.0,193563.0,22.74,11.11,9.15,0.74,56.94,224.88,57510.0,6389.0,5263.0,136.22,,9169.0,,,14.12,9.04,,,,71495.0,10098.0,6462.0
079550,LIG넥스원,방산,2026-05-22 05:01,2025.12,2026.12,2025.12,2026.03,36.56,6.43,11516.0,65465.0,19.2,7.42,5.51,0.7,25.44,446.35,43069.0,3194.0,2375.0,49.77,10.54,16736.0,79032.0,23.33,8.93,6.91,,,,51282.0,4579.0,3544.0,36.56,6.43,211.0,65465.0,19.2,2.75,-0.01,0.7,1390.55,446.35,14048.0,387.0,-1.0,210.28,,4475.0,,,10.75,8.92,,,,10913.0,1173.0,974.0
064350,현대로템,방산,2026-05-22 05:01,2025.12,2026.12,2025.12,2026.03,26.64,6.66,7055.0,28211.0,30.05,17.22,13.2,0.32,8.51,206.39,58390.0,10056.0,7705.0,22.66,5.29,8405.0,35994.0,26.18,16.75,13.33,,,,68995.0,11556.0,9200.0,26.64,6.66,2038.0,28211.0,30.05,16.45,13.87,0.32,29.44,206.39,16256.0,2675.0,2254.0,134.1,,1611.0,,,15.79,11.47,,,,14036.0,2217.0,1610.0
047810,한국항공우주,항공우주,2026-05-22 05:01,2025.12,2026.12,2025.12,2026.03,59.99,6.09,1907.0,18776.0,10.51,7.28,5.07,0.44,26.22,446.57,36964.0,2692.0,1873.0,44.33,7.24,3564.0,21835.0,17.55,8.38,6.15,,,,56698.0,4748.0,3486.0,59.99,6.09,622.0,18776.0,10.51,5.25,4.23,0.44,80.39,446.57,14667.0,770.0,621.0,293.97,,575.0,,,7.28,5.96,,,,10843.0,790.0,646.0
272210,한화시스템,항공우주,2026-05-22 05:01,2025.12,2026.12,2026.03,2026.06,42.43,2.1,1282.0,25933.0,6.6,3.27,5.71,0.92,38.6,106.5,36642.0,1199.0,2091.0,76.25,3.3,1332.0,30752.0,4.75,6.78,4.95,,,,43579.0,2956.0,2158.0,144.26,4.32,-291.0,26439.0,3.6,4.25,-11.86,0.92,791.4,114.58,8071.0,343.0,-958.0,334.78,,303.0,,,7.15,6.89,,,,9783.0,700.0,674.0
099320,쎄트렉아이,항공우주,2026-05-22 05:01,2025.12,2026.12,2026.03,2026.06,49.13,3.02,1396.0,22735.0,6.31,4.92,6.81,0.15,7.16,73.42,2069.0,102.0,141.0,95.54,5.84,1463.0,23952.0,6.27,6.98,6.06,,,,2498.0,174.0,151.0,146.35,7.13,-124.0,22511.0,4.98,-5.39,-5.37,0.15,13.99,58.12,372.0,-20.0,-20.0,332.82,,420.0,,,6.61,7.28,,,,590.0,39.0,43.0
009830,한화솔루션,태양광,2026-05-22 05:01,2025.12,2026.12,2026.03,2026.06,-7.19,0.51,-3728.0,52947.0,-7.01,-2.74,-4.61,1.86,-3.68,196.32,133331.0,-3648.0,-6153.0,14.92,0.68,2678.0,58731.0,4.87,4.45,2.39,,,,179241.0,7970.0,4279.0,-9.9,0.67,-280.0,55553.0,-6.95,2.39,-0.98,,,191.14,38820.0,926.0,-382.0,91.8,,435.0,,,4.06,2.26,,,,44503.0,1808.0,1008.0
010060,OCI홀딩스,태양광,2026-05-22 05:01,2025.12,2026.12,2026.03,2026.06,-24.14,0.55,-4772.0,210598.0,-2.27,-1.7,-4.33,0.87,-20.77,66.35,33801.0,-576.0,-1462.0,21.04,1.26,13187.0,220825.0,6.12,9.21,6.88,,,,42081.0,3877.0,2896.0,-40.26,0.87,8.0,215930.0,-2.2,1.22,0.99,0.87,73.59,67.5,8924.0,109.0,89.0,50.88,,5454.0,,,11.56,10.4,,,,11039.0,1276.0,1148.0
011930,신성이엔지,태양광,2026-05-22 05:01,2025.12,2026.12,2026.03,2026.06,-46.77,1.39,-340.0,11467.0,-2.97,0.23,-1.44,,,157.46,5675.0,13.0,-82.0,31.42,2.0,850.0,13358.0,6.92,3.05,2.45,,,,7040.0,214.0,172.0,-170.15,2.31,-152.0,11179.0,-1.38,-1.45,-2.48,,,188.09,1537.0,-22.0,-38.0,,,,,,4.33,,,,,1733.0,75.0,
112610,씨에스윈드,풍력,2026-05-22 05:01,2025.12,2026.12,2025.12,2026.03,50.55,1.5,823.0,27826.0,3.02,10.93,1.37,2.4,119.41,167.68,29316.0,3203.0,401.0,11.54,1.61,4290.0,30700.0,14.89,10.49,6.33,,,,28885.0,3029.0,1828.0,50.55,1.5,-3657.0,27826.0,3.02,8.96,-19.44,2.4,-26.87,167.68,7827.0,702.0,-1522.0,67.01,,1068.0,,,10.42,5.49,,,,7210.0,751.0,396.0
100130,동국S&C,풍력,2026-05-22 05:01,2025.12,2026.12,2026.03,2026.06,-69.77,0.61,-29.0,3331.0,-0.9,5.8,-1.4,,,38.08,1197.0,69.0,-17.0,,,,,,,,,,,,,,-13.27,0.7,-73.0,3259.0,-5.26,-6.29,-26.3,,,37.9,158.0,-10.0,-42.0,,,,,,,,,,,,,
018000,유니슨,풍력,2026-05-22 05:01,2025.12,2026.12,2025.12,2026.03,-11.21,2.78,-107.0,431.0,-24.28,-23.67,-51.85,,,141.94,403.0,-95.0,-209.0,,,,,,,,,,,,,,-11.21,2.78,-21.0,431.0,-24.28,-71.85,-102.05,,,141.94,46.0,-33.0,-46.0,,,,,,,,,,,,,
336260,두산퓨얼셀,수소_연료전지,2026-05-22 05:01,2025.12,2026.12,2026.03,2026.06,-17.78,6.42,-1623.0,4491.0,-30.66,-23.23,-29.2,,,226.12,4548.0,-1057.0,-1328.0,-138.37,19.67,-559.0,3935.0,-13.28,-5.7,-8.1,,,,5644.0,-322.0,-457.0,-20.12,7.68,-161.0,4347.0,-32.18,-0.89,-9.1,,,270.41,1448.0,-13.0,-132.0,-357.22,,-217.0,,,-12.54,-12.96,,,,1363.0,-171.0,-177.0
298050,효성첨단소재,수소_연료전지,2026-05-22 05:01,2025.12,2026.12,2025.12,2026.03,-37.6,1.0,-4830.0,180761.0,-2.34,4.79,0.48,1.38,-51.62,372.28,32830.0,1574.0,157.0,15.48,1.06,13630.0,198788.0,7.19,5.76,2.46,,,,34323.0,1976.0,844.0,-37.6,1.0,-203.0,180761.0,-2.34,3.85,0.97,1.38,-1229.18,372.28,7855.0,303.0,76.0,174.79,,1362.0,,,4.01,1.05,,,,7988.0,320.0,84.0
089980,상아프론테크,수소_연료전지,2026-05-22 05:01,2025.12,2026.12,2025.12,2026.03,36.73,1.19,422.0,13041.0,3.34,3.43,3.45,1.29,46.16,86.93,1960.0,67.0,68.0,45.02,1.65,475.0,12963.0,3.75,4.77,3.3,,,,2306.0,110.0,76.0,36.73,1.19,192.0,13041.0,3.34,3.19,5.07,1.29,101.57,86.93,606.0,19.0,31.0,,,,,,,,,,,,,
003490,대한항공,항공사,2026-05-22 05:01,2025.12,2026.12,2025.12,2026.03,10.68,0.76,2111.0,29659.0,7.28,4.42,2.57,3.33,35.53,339.88,252255.0,11136.0,6473.0,48.25,0.89,514.0,27862.0,1.75,2.72,0.63,,,,272045.0,7398.0,1701.0,10.68,0.76,350.0,29659.0,7.28,2.38,0.28,3.33,214.08,339.88,64961.0,1549.0,183.0,79.3,,341.0,,,6.42,,,,,64244.0,4126.0,
089590,제주항공,항공사,2026-05-22 05:01,2025.12,2026.12,2025.12,2026.03,-3.75,1.58,-1443.0,3415.0,-38.85,-7.07,-7.37,,,754.43,15799.0,-1117.0,-1164.0,-8.11,1.76,-585.0,2703.0,-19.15,-0.57,-2.43,,,,19444.0,-110.0,-472.0,-3.75,1.58,-168.0,3415.0,-38.85,3.75,-2.86,,,754.43,4746.0,178.0,-136.0,22.65,,239.0,,,9.63,,,,,5160.0,497.0,
272450,진에어,항공사,2026-05-22 05:01,2025.12,2026.12,2025.12,2026.03,-37.08,1.59,-187.0,4355.0,-4.28,-1.39,-0.71,,,423.17,13811.0,-192.0,-98.0,-7.29,1.62,-792.0,3569.0,-20.24,-2.4,-2.69,,,,15362.0,-368.0,-413.0,-37.08,1.59,-234.0,4355.0,-4.28,-3.58,-3.46,,,423.17,3528.0,-126.0,-122.0,,,,,,10.26,,,,,4240.0,435.0,
011200,HMM,해운,2026-05-22 05:01,2025.12,2026.12,2026.03,2026.06,10.49,0.73,1955.0,28168.0,6.9,13.42,17.25,3.41,35.15,26.31,108914.0,14612.0,18787.0,14.22,0.66,1384.0,29871.0,4.77,8.89,11.54,,,,113080.0,10050.0,13051.0,12.8,0.66,375.0,29450.0,5.36,9.9,13.01,3.41,181.39,29.91,27187.0,2691.0,3536.0,53.32,,369.0,,,8.97,12.16,,,,29758.0,2670.0,3620.0
028670,팬오션,해운,2026-05-22 05:01,2025.12,2026.12,2026.03,2026.06,6.83,0.36,564.0,10707.0,5.3,9.05,5.55,3.9,26.6,89.63,54329.0,4919.0,3014.0,8.19,0.51,705.0,11323.0,6.4,9.5,6.35,,,,59409.0,5646.0,3771.0,8.08,0.43,177.0,11335.0,5.54,9.34,6.26,3.9,164.76,92.6,15089.0,1409.0,945.0,32.69,,177.0,,,9.67,7.85,,,,14594.0,1412.0,1145.0
005880,대한해운,해운,2026-05-22 05:01,2025.12,2026.12,2025.12,2026.03,3.14,0.26,559.0,6684.0,8.63,16.22,13.57,,,70.18,12770.0,2072.0,1733.0,4.94,0.34,495.0,7213.0,7.12,19.65,12.71,,,,12528.0,2462.0,1592.0,3.14,0.26,59.0,6684.0,8.63,17.19,6.31,,,70.18,2962.0,509.0,187.0,17.86,,143.0,,,15.85,,,,,3453.0,548.0,
008770,호텔신라,여행_호텔,2026-05-22 05:01,2025.12,2026.12,2025.12,2026.03,-10.32,1.53,-4321.0,29223.0,-14.46,0.33,-4.25,0.31,8.85,220.14,40683.0,135.0,-1728.0,24.45,1.75,2307.0,32159.0,7.94,4.15,2.66,,,,40822.0,1692.0,1085.0,-10.32,1.53,-416.0,29223.0,-14.46,-0.39,-1.59,,,220.14,10454.0,-41.0,-166.0,-798.49,,-66.0,,,0.19,-0.37,,,,10381.0,19.0,-38.0
039130,하나투어,여행_호텔,2026-05-22 05:01,2025.12,2026.12,2025.12,2026.03,23.95,4.96,2036.0,9827.0,19.79,9.82,8.19,2.46,56.48,293.44,5869.0,576.0,481.0,10.42,2.98,3581.0,12503.0,33.52,10.0,11.43,,,,6416.0,642.0,733.0,23.95,4.96,261.0,9827.0,19.79,15.65,7.66,2.46,445.96,293.44,1752.0,274.0,134.0,41.42,,1020.0,,,9.32,10.24,,,,1849.0,172.0,189.0
080160,모두투어,여행_호텔,2026-05-22 05:01,2025.12,2026.12,2025.12,2026.03,13.29,2.01,767.0,5081.0,17.71,3.54,6.88,2.58,39.86,150.28,2104.0,74.0,145.0,12.95,1.72,757.0,5683.0,14.3,5.14,5.14,,,,2140.0,110.0,110.0,13.29,2.01,131.0,5081.0,17.71,0.36,3.62,2.58,79.71,150.28,678.0,2.0,25.0,,,,,,6.15,6.15,,,,650.0,40.0,40.0
267270,HD건설기계,기계_건설장비,2026-05-22 05:01,2025.12,2026.12,2025.12,2026.03,17.53,0.95,5613.0,104016.0,5.74,4.52,2.31,0.56,26.5,86.64,37765.0,1709.0,870.0,14.28,1.72,10757.0,89249.0,16.98,7.53,5.6,,,,90626.0,6821.0,5076.0,17.53,0.95,1284.0,104016.0,5.74,3.52,1.95,0.56,118.14,86.64,9473.0,334.0,185.0,96.61,,2015.0,,,6.53,4.48,,,,21946.0,1432.0,983.0
241560,두산밥캣,기계_건설장비,2026-05-22 05:01,2025.12,2026.12,2025.12,2026.03,13.85,0.77,4168.0,75131.0,5.71,7.8,4.58,2.95,40.45,70.77,87919.0,6861.0,4023.0,11.61,0.8,5521.0,80333.0,7.11,8.22,5.67,,,,93286.0,7673.0,5292.0,13.69,0.77,890.0,75131.0,5.78,6.24,3.59,0.87,56.09,70.77,23772.0,1483.0,854.0,65.79,,1155.0,,,7.04,4.84,,,,22339.0,1572.0,1082.0
017550,수산중공업,기계_건설장비,2026-05-22 05:01,2025.12,2026.12,2025.12,2026.03,6.48,0.51,254.0,3199.0,8.21,8.27,6.91,0.61,3.94,34.29,2294.0,190.0,158.0,,,,,,,,,,,,,,6.48,0.51,102.0,3199.0,8.21,8.58,8.87,0.61,9.78,34.29,719.0,62.0,64.0,,,,,,,,,,,,,
011070,LG이노텍,전자부품,2026-05-22 05:01,2025.12,2026.12,2026.03,2026.06,18.79,1.11,14419.0,243532.0,6.14,3.04,1.56,0.69,13.04,107.02,218966.0,6650.0,3413.0,23.6,2.76,32205.0,274932.0,12.43,4.5,3.15,,,,242285.0,10900.0,7628.0,14.33,1.14,9682.0,256962.0,8.46,5.34,4.14,0.69,32.73,94.41,55348.0,2953.0,2291.0,193.54,,3927.0,,,2.93,1.99,,,,48242.0,1411.0,962.0
009150,삼성전기,전자부품,2026-05-22 05:01,2025.12,2026.12,2025.12,2026.03,28.02,2.02,9099.0,126302.0,7.7,8.07,6.46,0.92,25.16,48.98,113145.0,9133.0,7310.0,65.03,7.53,16315.0,140947.0,12.54,11.76,9.76,,,,133559.0,15711.0,13031.0,28.02,2.02,2871.0,126302.0,7.7,8.25,7.83,0.92,79.74,48.98,29021.0,2395.0,2273.0,280.75,,2807.0,,,8.86,7.55,,,,30873.0,2734.0,2331.0
353200,대덕전자,전자부품,2026-05-22 05:01,2025.12,2026.12,2026.03,2026.06,50.97,2.7,924.0,17419.0,5.37,4.61,4.47,1.06,54.13,31.28,10653.0,491.0,476.0,35.33,6.42,3764.0,20706.0,19.75,15.45,12.84,,,,15106.0,2334.0,1939.0,39.99,4.3,883.0,17834.0,11.18,14.81,13.14,1.06,100.58,30.1,3463.0,513.0,455.0,151.99,,875.0,,,15.64,12.26,,,,3687.0,577.0,452.0
034220,LG디스플레이,디스플레이,2026-05-22 05:01,2025.12,2026.12,2025.12,2026.03,26.09,0.89,453.0,13208.0,3.44,2.0,1.18,,,243.36,258101.0,5170.0,3038.0,12.61,0.85,996.0,14713.0,7.13,4.91,2.21,,,,250556.0,12298.0,5541.0,26.09,0.89,-712.0,13208.0,3.44,2.34,-4.88,,,243.36,72008.0,1685.0,-3512.0,153.3,,94.0,,,2.57,0.09,,,,58254.0,1495.0,50.0
213420,덕산네오룩스,디스플레이,2026-05-22 05:01,2025.12,2026.12,2025.12,2026.03,17.04,1.98,2142.0,18395.0,12.5,17.64,15.67,,,51.8,3443.0,607.0,540.0,13.79,1.96,3057.0,21468.0,15.5,20.24,18.48,,,,4343.0,879.0,802.0,17.04,1.98,898.0,18395.0,12.5,18.14,17.86,,,51.8,1271.0,231.0,227.0,110.46,,467.0,,,19.45,17.97,,,,787.0,153.0,142.0
272290,이녹스첨단소재,디스플레이,2026-05-22 05:01,2025.12,2026.12,2025.12,2026.03,7.92,1.09,2871.0,20895.0,13.55,18.63,12.73,1.54,11.6,108.29,4396.0,819.0,559.0,10.17,1.26,2960.0,23870.0,14.0,15.38,11.13,,,,5013.0,771.0,558.0,7.92,1.09,368.0,20895.0,13.55,12.38,5.43,1.54,90.6,108.29,1024.0,127.0,56.0,,,,,,18.48,8.76,,,,1039.0,192.0,91.0
028260,삼성물산,지주사,2026-05-22 05:01,2025.12,2026.12,2025.12,2026.03,16.91,0.79,14165.0,305019.0,6.02,8.08,9.59,1.17,18.79,50.5,407422.0,32927.0,39067.0,22.93,1.13,16155.0,328278.0,5.15,8.29,8.46,,,,440933.0,36553.0,37286.0,16.91,0.79,4592.0,305019.0,6.02,7.59,14.38,1.17,58.21,50.5,108324.0,8223.0,15583.0,71.04,,4385.0,,,8.56,10.38,,,,104506.0,8945.0,10850.0
034730,SK,지주사,2026-05-22 05:01,2025.12,2026.12,2025.12,2026.03,11.73,0.56,21863.0,457231.0,6.35,1.48,2.9,3.12,27.59,149.17,1227033.0,18185.0,35552.0,5.46,0.91,96422.0,578668.0,24.69,6.04,13.77,,,,1375821.0,83031.0,189401.0,11.73,0.56,-30793.0,457231.0,6.35,1.29,-12.19,2.53,-15.91,149.17,302901.0,3917.0,-36923.0,44.3,,12415.0,,,4.05,8.47,,,,311300.0,12598.0,26365.0
003550,LG,지주사,2026-05-22 05:01,2025.12,2026.12,2025.12,2026.03,17.44,0.43,4628.0,186173.0,2.64,12.58,13.79,3.84,64.86,12.03,72525.0,9122.0,10001.0,13.79,0.53,7475.0,192762.0,4.02,20.1,17.2,,,,82443.0,16570.0,14181.0,17.44,0.43,-2308.0,186173.0,2.64,-27.7,-14.84,2.6,-89.28,12.03,15225.0,-4217.0,-2259.0,31.4,,3156.0,,,33.36,34.49,,,,19181.0,6398.0,6615.0
018260,삼성에스디에스,IT서비스,2026-05-22 05:01,2025.12,2026.12,2025.12,2026.03,17.47,1.34,9816.0,128198.0,7.89,6.87,5.62,1.86,32.49,31.09,139299.0,9571.0,7827.0,17.99,1.22,9161.0,134831.0,6.97,5.84,5.06,,,,142142.0,8297.0,7189.0,17.47,1.34,2356.0,128198.0,7.89,6.39,5.31,1.86,135.36,31.09,35368.0,2261.0,1879.0,78.32,,2330.0,,,5.81,5.64,,,,34781.0,2019.0,1963.0
307950,현대오토에버,IT서비스,2026-05-22 05:01,2025.12,2026.12,2025.12,2026.03,49.89,4.93,6654.0,67357.0,10.27,6.0,4.39,0.57,28.55,92.31,42521.0,2553.0,1868.0,72.59,7.63,7687.0,73112.0,10.95,5.88,4.52,,,,47670.0,2805.0,2156.0,49.89,4.93,1931.0,67357.0,10.27,5.78,4.11,0.57,98.38,92.31,13227.0,765.0,544.0,418.67,,1026.0,,,4.32,3.96,,,,9382.0,406.0,372.0
064400,LG씨엔에스,IT서비스,2026-05-22 05:01,2025.12,2026.12,2025.12,2026.03,13.5,2.03,4548.0,30270.0,17.35,9.0,7.17,3.01,40.93,79.68,61295.0,5518.0,4392.0,14.09,2.12,5053.0,33532.0,15.84,9.33,7.43,,,,66095.0,6169.0,4908.0,13.5,2.03,1832.0,30270.0,17.35,10.95,9.18,1.79,60.03,79.68,19357.0,2120.0,1776.0,93.97,,710.0,,,7.19,6.2,,,,13068.0,940.0,810.0
086280,현대글로비스,물류,2026-05-22 05:01,2025.12,2026.12,2025.12,2026.03,7.81,1.31,23117.0,138016.0,18.13,7.01,5.87,3.21,25.09,78.92,295664.0,20730.0,17347.0,9.12,1.35,23073.0,155481.0,15.72,6.85,5.41,,,,320400.0,21936.0,17325.0,7.81,1.31,5876.0,138016.0,18.13,6.8,5.89,3.21,98.71,78.92,74720.0,5083.0,4404.0,40.85,,5569.0,,,6.83,5.61,,,,77577.0,5300.0,4350.0
000120,CJ대한통운,물류,2026-05-22 05:01,2025.12,2026.12,2025.12,2026.03,8.91,0.46,10612.0,207860.0,5.98,4.14,2.11,0.85,6.59,132.88,122847.0,5081.0,2587.0,7.48,0.39,11461.0,219284.0,6.14,4.04,2.15,,,,129392.0,5226.0,2785.0,8.91,0.46,3622.0,207860.0,5.98,5.02,2.71,0.85,19.31,132.88,31771.0,1596.0,862.0,46.69,,2155.0,,,3.35,1.7,,,,31359.0,1049.0,532.0
002320,한진,물류,2026-05-22 05:01,2025.12,2026.12,2025.12,2026.03,-191.22,0.21,-103.0,94858.0,-0.11,3.66,0.03,3.04,-569.77,183.4,30649.0,1122.0,10.0,9.73,,1808.0,,,4.3,,,,,31660.0,1360.0,,-191.22,0.21,-511.0,94858.0,-0.11,2.14,-1.07,3.04,-113.75,183.4,7957.0,171.0,-85.0,,,,,,,,,,,,320.0,
047050,포스코인터내셔널,무역상사,2026-05-22 05:01,2025.12,2026.12,2025.12,2026.03,14.21,1.26,3491.0,39358.0,9.27,3.6,1.97,3.73,51.35,140.03,323736.0,11653.0,6368.0,13.81,1.61,4937.0,42297.0,12.48,4.12,2.68,,,,336126.0,13841.0,9016.0,14.21,1.26,686.0,39358.0,9.27,3.39,1.7,2.02,141.23,140.03,78275.0,2656.0,1328.0,74.82,,1087.0,,,3.79,2.08,,,,82738.0,3139.0,1724.0
001120,LX인터내셔널,무역상사,2026-05-22 05:01,2025.12,2026.12,2025.12,2026.03,8.88,0.42,3659.0,77069.0,5.22,1.75,0.95,6.15,50.73,163.83,167063.0,2922.0,1583.0,5.71,0.53,7626.0,82044.0,10.33,2.54,1.88,,,,178472.0,4525.0,3361.0,8.88,0.42,-1378.0,77069.0,5.22,1.28,-1.29,6.15,-134.63,163.83,43201.0,555.0,-556.0,30.87,,1736.0,,,2.31,1.61,,,,41277.0,954.0,665.0
001250,GS글로벌,무역상사,2026-05-22 05:01,2025.12,2026.12,2026.03,2026.06,9.6,0.35,241.0,6576.0,3.71,1.27,0.34,1.08,10.36,154.58,41093.0,523.0,139.0,,,,,,,,,,,,,,11.88,0.37,64.0,6715.0,3.2,1.17,0.34,1.08,-228.58,165.64,10991.0,129.0,37.0,,,,,,,,,,,,,
035250,강원랜드,카지노_레저,2026-05-22 05:01,2025.12,2026.12,2026.03,2026.06,12.74,0.96,1487.0,19841.0,8.11,15.93,21.55,5.01,59.17,22.21,14767.0,2353.0,3182.0,12.1,0.75,1271.0,20397.0,6.79,14.69,17.7,,,,14842.0,2181.0,2626.0,12.76,0.89,185.0,19079.0,7.55,18.19,10.47,5.01,278.15,23.43,3789.0,689.0,397.0,54.42,,283.0,,,12.54,19.64,,,,3520.0,441.0,691.0
034230,파라다이스,카지노_레저,2026-05-22 05:01,2025.12,2026.12,2025.12,2026.03,16.13,0.84,1026.0,19694.0,5.62,13.55,12.59,0.91,13.92,84.41,11499.0,1558.0,1448.0,13.61,0.69,1040.0,20556.0,5.46,15.05,10.78,,,,12754.0,1920.0,1375.0,16.13,0.84,209.0,19694.0,5.62,5.5,12.21,0.91,68.0,84.41,2939.0,162.0,359.0,64.64,,245.0,,,14.91,10.77,,,,3003.0,448.0,323.0
114090,GKL,카지노_레저,2026-05-22 05:01,2025.12,2026.12,2025.12,2026.03,19.67,2.1,761.0,7137.0,11.01,12.45,11.13,2.77,54.4,47.53,4229.0,526.0,471.0,12.74,1.5,903.0,7644.0,12.22,14.1,12.46,,,,4589.0,647.0,572.0,19.67,2.1,-11.0,7137.0,11.01,-0.78,-0.64,2.36,-3318.13,47.53,1028.0,-8.0,-7.0,55.52,,207.0,,,13.99,12.26,,,,1071.0,150.0,131.0
